collection,product_name,design_text,price_usd,my_site_url,viralstyle_url,keywords,theme
Cleveland Browns Fan Shirts,Cleveland Under Dawgs Playoffs Shirt,"THE CLEVELAND UNDER DAWGS - ALL WE GOT, ALL WE NEED - PLAYOFFS",24.99,/shop/all-we-want-all-we-got-25/cleveland-browns-shirts,https://viralstyle.com/kebystore/all-we-want-all-we-got-25,cleveland underdogs shirt; dawg pound playoff shirt; browns playoff tee,playoff
Cleveland Browns Fan Shirts,Shedeur Sanders 12 They Forgot Who I Am Shirt,THEY FORGOT WHO I AM - SANDERS SHEDEUR - BROWNS 12,22.99,/shop/sanders-13-special-edition/cleveland-browns-shirts,https://viralstyle.com/kebystore/sanders-13-special-edition,shedeur sanders shirt; sanders browns qb tee; cleveland quarterback 12 shirt,player
Cleveland Browns Fan Shirts,Bend & Snap Funny Football Shirt,BEND & SNAP with vintage football,22.99,/shop/bend-football-fans/cleveland-browns-shirts,https://viralstyle.com/kebystore/bend-football-fans,funny football shirt; bend and snap tee; football humor shirt,funny
Cleveland Browns Fan Shirts,Sanders QB 12 Signature Shirt,SANDERS QB 12 with signature,22.99,/shop/sanders-12-special-edition/cleveland-browns-shirts,https://viralstyle.com/kebystore/sanders-12-special-edition,sanders qb shirt; browns 12 quarterback tee; cleveland rookie qb shirt,player
Cleveland Browns Fan Shirts,Sanders QB Signature White Shirt,"SANDERS QB 12 signature, white colorway",22.99,/shop/sanders-special-edition/cleveland-browns-shirts,https://viralstyle.com/kebystore/sanders-special-edition,sanders white tee; browns quarterback shirt; cleveland qb signature tee,player
Cleveland Browns Fan Shirts,Cleveland It's Not That Bad Have A Beer Shirt,"CLEVELAND, IT'S NOT THAT BAD. HAVE A BEER!",22.99,/shop/cleveland-its-not-that-bad-have-a-beer/cleveland-browns-shirts,https://viralstyle.com/kebystore/cleveland-its-not-that-bad-have-a-beer,funny cleveland shirt; cleveland beer tee; ohio humor shirt,funny
Cleveland Browns Fan Shirts,Denzel Ward Make Them Know Your Name Shirt,MAKE THEM KNOW YOUR NAME - DENZEL WARD 21 - BROWNS,24.99,/shop/denzel/cleveland-browns-shirts,https://viralstyle.com/kebystore/denzel,denzel ward shirt; browns 21 tee; cleveland cornerback shirt,player
Cleveland Browns Fan Shirts,Cleveland Summer Slam Shirt,SUMMER SLAM CLEVELAND with bulldog,24.99,/shop/limited-edition-br-summer-2024/cleveland-browns-shirts,https://viralstyle.com/kebystore/limited-edition-br-summer-2024,cleveland summer shirt; browns summer tee; dawg pound summer shirt,classic
Cleveland Browns Fan Shirts,Ohio Football Cleveland State Outline Shirt,"OHIO, FOOTBALL - CLEVELAND inside Ohio state map",24.99,/shop/ohio-cleveland-fans/cleveland-browns-shirts,https://viralstyle.com/kebystore/ohio-cleveland-fans,ohio football shirt; cleveland ohio tee; ohio state outline shirt,city
Cleveland Browns Fan Shirts,Cleveland Under Dawgs All We Got Shirt,THE CLEVELAND UNDER DAWGS - ALL WE GOT ALL WE NEED - 2023 2024 PLAYOFFS,24.99,/shop/all-we-want-all-we-got/cleveland-browns-shirts,https://viralstyle.com/kebystore/all-we-want-all-we-got,browns underdog shirt; dawg pound tee; cleveland playoffs shirt,playoff
Cleveland Browns Fan Shirts,Playoffs Never Give Up Dawg Shirt,PLAYOFFS NEVER GIVE UP with bulldog,24.99,/shop/playoffs-never-giveup/cleveland-browns-shirts,https://viralstyle.com/kebystore/playoffs-never-giveup,browns playoff shirt; never give up football tee; dawg pound playoffs,playoff
Cleveland Browns Fan Shirts,Beware Of Dawg Cleveland Shirt,BEWARE OF DAWG with bulldog and stripes,24.99,/shop/beware-of-dawg/cleveland-browns-shirts,https://viralstyle.com/kebystore/beware-of-dawg,beware of dawg shirt; dawg pound tee; cleveland bulldog shirt,classic
Cleveland Browns Fan Shirts,Let's Go Cleveland Football Shirt,LET'S GO CLEVELAND with football,24.99,/shop/lets-go-cleveland/cleveland-browns-shirts,https://viralstyle.com/kebystore/lets-go-cleveland,lets go cleveland shirt; cleveland gameday tee; cleveland football shirt,city
Cleveland Browns Fan Shirts,This Girl Loves Browns' Coach Hoodie,THIS GIRL LOVES BROWNS' COACH with thumbs,36.99,/shop/this-girl-loves-browns-coach/cleveland-browns-shirts,https://viralstyle.com/kebystore/this-girl-loves-browns-coach,browns coach hoodie; womens cleveland hoodie; football girlfriend gift,funny
Cleveland Browns Fan Shirts,My Heart Is On That Field Football Shirt,MY HEART IS ON THAT FIELD with heartbeat football,24.99,/shop/my-heart-is-on-that-field/cleveland-browns-shirts,https://viralstyle.com/kebystore/my-heart-is-on-that-field,football mom shirt; my heart is on that field; football wife tee,family
Cleveland Browns Fan Shirts,Cleveland Browns Dawg Pound Shirt,CLEVELAND BROWNS DAWG POUND script,24.99,/shop/dawg-pound/cleveland-browns-shirts,https://viralstyle.com/kebystore/dawg-pound,dawg pound shirt; cleveland dawg pound tee; browns fan shirt,classic
Cleveland Browns Fan Shirts,Playoff Pound And Determined Shirt,PLAYOFF POUND AND DETERMINED 2023 2024 CLEVELAND,24.99,/shop/play-off-pound-shirt/cleveland-browns-shirts,https://viralstyle.com/kebystore/play-off-pound-shirt,browns playoff shirt; dawg pound playoff tee; cleveland determined shirt,playoff
Cleveland Browns Fan Shirts,So I Whispered Go Browns Funny Shirt,SHE ASKED ME TO TELL HER TWO WORDS EVERY GIRL WANTS TO HEAR SO I WHISPERED GO BROWNS,24.99,/shop/whispered-go-browns/cleveland-browns-shirts,https://viralstyle.com/kebystore/whispered-go-browns,funny browns shirt; go browns tee; cleveland funny gift,funny
Cleveland Browns Fan Shirts,Go Browns Orange Winter Beanie,GO BROWNS embroidered-look knit beanie,24.99,/shop/winter-hat-beanie-go-browns/cleveland-browns-shirts,https://viralstyle.com/kebystore/winter-hat-beanie-go-browns,browns beanie; cleveland winter hat; go browns knit hat,classic
Cleveland Browns Fan Shirts,LFG CLE Cleveland Sweatshirt,LFG CLE,32.99,/shop/limited-edition-lfg/cleveland-browns-shirts,https://viralstyle.com/kebystore/limited-edition-lfg,lfg cle shirt; cleveland sweatshirt; browns gameday crewneck,city
Cleveland Browns Fan Shirts,Cleveland Black Winter Beanie,CLEVELAND knit beanie,24.99,/shop/winter-hat-beanie-cleveland/cleveland-browns-shirts,https://viralstyle.com/kebystore/winter-hat-beanie-cleveland,cleveland beanie; black winter hat cleveland; ohio knit hat,city
Cleveland Browns Fan Shirts,Browns Orange Winter Beanie,BROWNS knit beanie,24.99,/shop/winter-hat-beanie-browns/cleveland-browns-shirts,https://viralstyle.com/kebystore/winter-hat-beanie-browns,browns beanie; orange winter hat; cleveland knit cap,classic
Cleveland Browns Fan Shirts,Dawg Life Bulldog Sweatshirt,DAWG LIFE with bulldog,32.99,/shop/limited-edition-2024n2/cleveland-browns-shirts,https://viralstyle.com/kebystore/limited-edition-2024n2,dawg life shirt; cleveland bulldog sweatshirt; dawg pound crewneck,classic
Cleveland Browns Fan Shirts,Cleveland Skyline Football Shirt,CLEVELAND skyline inside a football,24.99,/shop/limited-edition-241/cleveland-browns-shirts,https://viralstyle.com/kebystore/limited-edition-241,cleveland skyline shirt; cleveland football tee; ohio skyline shirt,city
Cleveland Browns Fan Shirts,Our Coach Is Hotter Than Yours Sweatshirt,OUR COACH IS HOTTER THAN YOURS,32.99,/shop/limited-edition-our-coach/cleveland-browns-shirts,https://viralstyle.com/kebystore/limited-edition-our-coach,funny coach shirt; browns coach sweatshirt; cleveland funny crewneck,funny
Cleveland Browns Fan Shirts,CLVLAND Find A Way By Any Means Sweatshirt,CLVLAND - FIND A WAY BY ANY MEANS with skull and bones,32.99,/shop/limited-edition-66/cleveland-browns-shirts,https://viralstyle.com/kebystore/limited-edition-66,cleveland sweatshirt; find a way shirt; browns bones crewneck,city
Cleveland Browns Fan Shirts,Sundays Are For The Browns Sweatshirt,SUNDAYS ARE FOR THE BROWNS with bulldog,32.99,/shop/limited-edition-s-u-n-d-a-y-s/cleveland-browns-shirts,https://viralstyle.com/kebystore/limited-edition-s-u-n-d-a-y-s,sundays are for the browns; cleveland sunday shirt; browns crewneck,classic
Cleveland Browns Fan Shirts,Sundays Are For The Dawgs Red Sweatshirt,SUNDAYS ARE FOR THE DAWGS with bulldog,32.99,/shop/limited-edition-d-w-a-g-s/cleveland-browns-shirts,https://viralstyle.com/kebystore/limited-edition-d-w-a-g-s,sundays are for the dawgs; dawg pound sweatshirt; cleveland red crewneck,classic
Cleveland Browns Fan Shirts,CLE Script Football White Sweatshirt,Cle script with football lacing,32.99,/shop/limited-edition-c2/cleveland-browns-shirts,https://viralstyle.com/kebystore/limited-edition-c2,cle sweatshirt; cleveland script crewneck; minimal cleveland shirt,city
Cleveland Browns Fan Shirts,CLE Script Football Red Sweatshirt,Cle script with football lacing,32.99,/shop/limited-edition-c1/cleveland-browns-shirts,https://viralstyle.com/kebystore/limited-edition-c1,cle red sweatshirt; cleveland fan crewneck; cle script shirt,city
Cleveland Browns Fan Shirts,Be Kind Cleveland Elf Sweatshirt,BE KIND with retro Cleveland elf mascot and hearts,32.99,/shop/limited-edition-b-e-k-i-n-d/cleveland-browns-shirts,https://viralstyle.com/kebystore/limited-edition-b-e-k-i-n-d,be kind shirt; cleveland elf sweatshirt; retro cleveland crewneck,retro
Cleveland Browns Fan Shirts,Dawg Pound Bulldog Red Sweatshirt,DAWG POUND with bulldog,32.99,/shop/limited-edition-d-w-a-g/cleveland-browns-shirts,https://viralstyle.com/kebystore/limited-edition-d-w-a-g,dawg pound sweatshirt; cleveland bulldog crewneck; browns red sweatshirt,classic
Cleveland Browns Fan Shirts,Cleveland Helmet Phone Case,Cleveland helmet on orange and black splatter,19.99,/shop/limited-edition-b-r-o-w-n-s-h-e-l-m-e-t/cleveland-browns-shirts,https://viralstyle.com/kebystore/limited-edition-b-r-o-w-n-s-h-e-l-m-e-t,cleveland phone case; browns iphone case; football phone case,classic
Cleveland Browns Fan Shirts,Victory Monday Cleveland Coffee Mug,VICTORY MONDAY CLEVELAND with football sunrise,14.99,/shop/limited-edition-cle-mug/cleveland-browns-shirts,https://viralstyle.com/kebystore/limited-edition-cle-mug,victory monday mug; cleveland coffee mug; browns mug gift,city
Cleveland Browns Fan Shirts,Victory Monday Red Sweatshirt,VICTORY MONDAY,29.99,/shop/limited-edition-victory-morning/cleveland-browns-shirts,https://viralstyle.com/kebystore/limited-edition-victory-morning,victory monday shirt; cleveland monday crewneck; browns win sweatshirt,city
Cleveland Browns Fan Shirts,Refuse To Surrender Winning Is Coming Sweatshirt,REFUSE TO SURRENDER - WINNING IS COMING with armored bulldog,36.99,/shop/limited-edition-b-r-o-w-n-s1/cleveland-browns-shirts,https://viralstyle.com/kebystore/limited-edition-b-r-o-w-n-s1,winning is coming shirt; cleveland banner sweatshirt; dawg pound crewneck,classic
Cleveland Browns Fan Shirts,Cleveland Ain't For Sissies Sweatshirt,CLEVELAND AIN'T FOR SISSIES,29.99,/shop/limited-edition-c-l-e-aint-for-sissies/cleveland-browns-shirts,https://viralstyle.com/kebystore/limited-edition-c-l-e-aint-for-sissies,cleveland aint for sissies; tough cleveland shirt; ohio pride sweatshirt,city
Cleveland Browns Fan Shirts,Rise And Shine It's Game Day Sweatshirt,RISE AND SHINE IT'S GAME DAY with helmet,32.99,/shop/limited-edition-rise-and-shine/cleveland-browns-shirts,https://viralstyle.com/kebystore/limited-edition-rise-and-shine,game day sweatshirt; rise and shine football; cleveland gameday crewneck,classic
Cleveland Browns Fan Shirts,I'll Always Be Your Biggest Fan Sweatshirt,I'LL ALWAYS BE YOUR BIGGEST FAN with player and hearts,32.00,/shop/limited-edition-cleveland-lovers/cleveland-browns-shirts,https://viralstyle.com/kebystore/limited-edition-cleveland-lovers,football girlfriend shirt; biggest fan sweatshirt; cleveland womens crewneck,family
Cleveland Browns Fan Shirts,Cleveland Helmet Splatter Phone Case,Cleveland helmet on orange splatter,19.99,/shop/limited-edition-b-r-o-w-n-s-cleveland-ca/cleveland-browns-shirts,https://viralstyle.com/kebystore/limited-edition-b-r-o-w-n-s-cleveland-ca,browns phone case; cleveland iphone case; football case gift,classic
Cleveland Browns Fan Shirts,Cleveland Helmet Flag Phone Case,Cleveland helmet on orange and black American flag,19.99,/shop/limited-edition-b-r-o-w-n-s/cleveland-browns-shirts,https://viralstyle.com/kebystore/limited-edition-b-r-o-w-n-s,cleveland flag phone case; browns case; football phone case,classic
Cleveland Browns Fan Shirts,Stomping On These Haters Browns Style Sweatshirt,STOMPING ON THESE HATERS - BROWNS STYLE with sneaker,32.00,/shop/limited-edition-cleveland-fans/cleveland-browns-shirts,https://viralstyle.com/kebystore/limited-edition-cleveland-fans,stomping on haters shirt; browns sneaker sweatshirt; cleveland hater crewneck,funny
Cleveland Browns Fan Shirts,Cleveland Bulldog Red Sweatshirt,CLEVELAND with angry bulldog,32.00,/shop/limited-edition-cleveland/cleveland-browns-shirts,https://viralstyle.com/kebystore/limited-edition-cleveland,cleveland bulldog sweatshirt; dawg pound red crewneck; browns bulldog shirt,classic
Cleveland Browns Fan Shirts,Cleveland Bitcoin Bulldawgs Sweatshirt,CLEVELAND BITCOIN BULLDAWGS with bulldog and B logo,29.99,/shop/d-a-w-g-b-i-t-c-limited-edition/cleveland-browns-shirts,https://viralstyle.com/kebystore/d-a-w-g-b-i-t-c-limited-edition,bitcoin football shirt; cleveland crypto sweatshirt; bulldawgs crewneck,funny
Cleveland Browns Fan Shirts,I Love Browns Heart Sweatshirt,I (heart) BROWNS,29.99,/shop/i-love-b-r-o-w-n-s-limited-edition/cleveland-browns-shirts,https://viralstyle.com/kebystore/i-love-b-r-o-w-n-s-limited-edition,i love browns shirt; cleveland heart sweatshirt; browns valentine gift,classic
Cleveland Browns Fan Shirts,Sundays Are For The Dawgs Est 1946 Shirt,SUNDAYS ARE FOR THE DAWGS - EST. 1946 with dog,24.99,/shop/d-a-w-g-s-limited-edition/cleveland-browns-shirts,https://viralstyle.com/kebystore/d-a-w-g-s-limited-edition,sundays are for the dawgs; est 1946 shirt; cleveland dawgs tee,retro
Cleveland Browns Fan Shirts,Cleveland Sugar Skull Halloween All-Over Long Sleeve,Sugar skull woman in a Cleveland helmet on orange bandana print,40.00,/shop/b-r-o-w-n-s-sugar-skull-halloween-long/cleveland-browns-shirts,https://viralstyle.com/kebystore/b-r-o-w-n-s-sugar-skull-halloween-long,cleveland halloween shirt; sugar skull football shirt; all over print browns,halloween
Cleveland Browns Fan Shirts,Cleveland Sugar Skull Halloween All-Over Shirt,Sugar skull woman in a Cleveland helmet on orange bandana print,39.99,/shop/br-sugar-skull-halloween/cleveland-browns-shirts,https://viralstyle.com/kebystore/br-sugar-skull-halloween,sugar skull cleveland tee; halloween football shirt; all over print shirt,halloween
Cleveland Browns Fan Shirts,Cleveland Retro Skyline Football Shirt,CLEVELAND with skyline football,19.99,/shop/cleveland-retro-vintage-classic-ohio-fan/cleveland-browns-shirts,https://viralstyle.com/kebystore/cleveland-retro-vintage-classic-ohio-fan,retro cleveland shirt; vintage cleveland tee; ohio football vintage shirt,retro
Cleveland Browns Fan Shirts,Cleveland Ohio Retro Bulldog Gameday Shirt,CLEVELAND OHIO with vintage bulldog and stripes,19.99,/shop/cleveland-retro-vintage-classic-ohio-shi-1/cleveland-browns-shirts,https://viralstyle.com/kebystore/cleveland-retro-vintage-classic-ohio-shi-1,vintage cleveland bulldog; retro ohio shirt; cleveland gameday tee,retro
Cleveland Browns Fan Shirts,Cleveland Ohio Retro Bulldog Shirt,CLEVELAND OHIO with vintage bulldog,19.99,/shop/cleveland-retro-vintage-classic-ohio-shi/cleveland-browns-shirts,https://viralstyle.com/kebystore/cleveland-retro-vintage-classic-ohio-shi,retro cleveland ohio shirt; vintage dawg shirt; classic cleveland tee,retro
Cleveland Browns Fan Shirts,Vintage Cleveland Script Hoodie,Cleveland retro script,36.99,/shop/cleveland-retro-vintage-classic-ohio-gif/cleveland-browns-shirts,https://viralstyle.com/kebystore/cleveland-retro-vintage-classic-ohio-gif,vintage cleveland hoodie; cleveland script sweatshirt; retro ohio hoodie,retro
Cleveland Browns Fan Shirts,Lineman Dad Football Shirt,LINEMAN DAD with helmet and flag,18.99,/shop/line-man-dad-football-t-shirt/cleveland-browns-shirts,https://viralstyle.com/kebystore/line-man-dad-football-t-shirt,lineman dad shirt; football dad gift; fathers day football tee,family
Cleveland Browns Fan Shirts,My Life Is For Football Shirt,MY LIFE IS FOR FOOTBALL with patriotic player,18.99,/shop/my-life-is-for-football-t-shirt/cleveland-browns-shirts,https://viralstyle.com/kebystore/my-life-is-for-football-t-shirt,football life shirt; american football tee; football lover gift,family
Cleveland Browns Fan Shirts,Dibs On The Coach Funny Football Shirt,DIBS ON THE COACH with football,17.99,/shop/dibs-on-the-coach-football-funny-football-1/cleveland-browns-shirts,https://viralstyle.com/kebystore/dibs-on-the-coach-football-funny-football-1,dibs on the coach shirt; football coach wife gift; funny coach tee,funny
Green Bay Packers Fan Shirts,This Girl Loves The Pack Shirt,THIS GIRL LOVES THE PACK with crown and hands,24.99,/shop/limited-edition-grb37/green-bay-packers-shirts,https://viralstyle.com/kebystore/limited-edition-grb37,this girl loves the pack; packers womens shirt; green bay girlfriend gift,family
Green Bay Packers Fan Shirts,Cheese Heart Green Bay Shirt,Cheese wedge shaped like a heart,24.99,/shop/limited-edition-grb32/green-bay-packers-shirts,https://viralstyle.com/kebystore/limited-edition-grb32,cheesehead shirt; packers cheese heart tee; wisconsin cheese shirt,funny
Green Bay Packers Fan Shirts,Jordan Love 10 Green Bay Hoodie,10 LOVE with player and gold 10,36.99,/shop/limited-edition-grb31/green-bay-packers-shirts,https://viralstyle.com/kebystore/limited-edition-grb31,jordan love hoodie; packers 10 sweatshirt; green bay qb hoodie,player
Green Bay Packers Fan Shirts,Jordan Freaking Love Shirt,JORDAN FREAKING LOVE,24.99,/shop/limited-edition-grb30/green-bay-packers-shirts,https://viralstyle.com/kebystore/limited-edition-grb30,jordan love shirt; packers qb tee; green bay love shirt,player
Green Bay Packers Fan Shirts,Pack Is Back Green Bay Shirt,PACK IS BACK with gold stripes,24.99,/shop/limited-edition-grb29/green-bay-packers-shirts,https://viralstyle.com/kebystore/limited-edition-grb29,pack is back shirt; packers comeback tee; green bay fan shirt,classic
Green Bay Packers Fan Shirts,All You Need Is Love 10 Helmet Shirt,ALL YOU NEED IS 10VE with helmet and waves,24.99,/shop/limited-edition-grb33/green-bay-packers-shirts,https://viralstyle.com/kebystore/limited-edition-grb33,all you need is love packers; jordan love 10 shirt; green bay retro tee,retro
Green Bay Packers Fan Shirts,Jordan Love 10 Flag Number Shirt,Player with a stars and stripes number 10,24.99,/shop/limited-edition-grb36/green-bay-packers-shirts,https://viralstyle.com/kebystore/limited-edition-grb36,jordan love flag shirt; packers 10 tee; green bay patriotic shirt,player
Green Bay Packers Fan Shirts,Cheese Heart Green Bay Mug,Cheese wedge heart on a black mug,19.99,/shop/limited-edition-grb35/green-bay-packers-shirts,https://viralstyle.com/kebystore/limited-edition-grb35,packers mug; cheesehead coffee mug; green bay gift mug,funny
Green Bay Packers Fan Shirts,Green Bay Football Cheesehead Nation Shirt,GREEN BAY FOOTBALL - SUNDAYS ARE BETTER IN CHEESEHEAD NATION SINCE 1919 with cheese mascot,24.99,/shop/limited-edition-grb8/green-bay-packers-shirts,https://viralstyle.com/kebystore/limited-edition-grb8,cheesehead nation shirt; green bay 1919 tee; packers mascot shirt,retro
Green Bay Packers Fan Shirts,Green Bay Football Cheese And Beer Shirt,GREEN BAY FOOTBALL with cheese mascot holding a beer,24.99,/shop/limited-edition-grb7/green-bay-packers-shirts,https://viralstyle.com/kebystore/limited-edition-grb7,packers beer shirt; cheese and beer tee; funny green bay shirt,funny
Green Bay Packers Fan Shirts,Packers Distressed American Flag Shirt,PACKERS on a distressed American flag,24.99,/shop/limited-edition-grb27/green-bay-packers-shirts,https://viralstyle.com/kebystore/limited-edition-grb27,packers flag shirt; green bay patriotic tee; usa packers shirt,city
Green Bay Packers Fan Shirts,Green Bay Packers Football Stars Shirt,GREEN BAY PACKERS with football and stars,24.99,/shop/limited-edition-grb26/green-bay-packers-shirts,https://viralstyle.com/kebystore/limited-edition-grb26,green bay packers shirt; packers football tee; gold packers shirt,classic
Green Bay Packers Fan Shirts,Green Bay Vs Everyone Shirt,GREEN BAY VS EVERYONE with football,24.99,/shop/limited-edition-grb1-1/green-bay-packers-shirts,https://viralstyle.com/kebystore/limited-edition-grb1-1,green bay vs everyone; packers vs everybody shirt; green bay attitude tee,classic
Green Bay Packers Fan Shirts,Love 10 Jersey Back Shirt,LOVE 10 jersey back with player,24.99,/shop/limited-edition-grb24/green-bay-packers-shirts,https://viralstyle.com/kebystore/limited-edition-grb24,jordan love jersey shirt; packers 10 back tee; green bay jersey shirt,player
Green Bay Packers Fan Shirts,Green Bay WI Football Team Est 1919 Shirt,GREEN BAY WI FOOTBALL TEAM EST. 1919 crest,24.99,/shop/limited-edition-grb16/green-bay-packers-shirts,https://viralstyle.com/kebystore/limited-edition-grb16,green bay 1919 shirt; packers crest tee; wisconsin football shirt,retro
Green Bay Packers Fan Shirts,Property Of Green Bay Packers 1919 Shirt,PROPERTY OF 1919 GREEN BAY PACKERS,24.99,/shop/limited-edition-grb15/green-bay-packers-shirts,https://viralstyle.com/kebystore/limited-edition-grb15,property of packers shirt; green bay 1919 tee; collegiate packers shirt,retro
Green Bay Packers Fan Shirts,Sunday Funday Wisconsin Outline Shirt,SUNDAY FUNDAY inside the Wisconsin state outline,24.99,/shop/limited-edition-grb25/green-bay-packers-shirts,https://viralstyle.com/kebystore/limited-edition-grb25,sunday funday shirt; wisconsin outline tee; packers gameday shirt,city
Green Bay Packers Fan Shirts,The Packers Make Me Drink Shirt,THE PACKERS MAKE ME DRINK,24.99,/shop/limited-edition-grb2/green-bay-packers-shirts,https://viralstyle.com/kebystore/limited-edition-grb2,packers make me drink; funny packers shirt; green bay beer tee,funny
Green Bay Packers Fan Shirts,Our Coach Is Hotter Than Your Coach Shirt,OUR COACH IS HOTTER THAN YOUR COACH,24.99,/shop/limited-edition-grb3/green-bay-packers-shirts,https://viralstyle.com/kebystore/limited-edition-grb3,funny packers coach shirt; green bay coach tee; packers humor shirt,funny
Green Bay Packers Fan Shirts,Let The 10VE Begin Green Bay Shirt,LET THE 10VE BEGIN,24.99,/shop/limited-edition-grb4/green-bay-packers-shirts,https://viralstyle.com/kebystore/limited-edition-grb4,let the love begin packers; jordan love 10 tee; green bay qb shirt,player
Green Bay Packers Fan Shirts,Go Pack Go Stencil Shirt,GO PACK GO stencil letters,24.99,/shop/limited-edition-grb5/green-bay-packers-shirts,https://viralstyle.com/kebystore/limited-edition-grb5,go pack go shirt; packers chant tee; green bay yellow shirt,classic
Green Bay Packers Fan Shirts,Sunday Funday Green Bay Script Shirt,SUNDAY FUNDAY retro script,24.99,/shop/limited-edition-grb6/green-bay-packers-shirts,https://viralstyle.com/kebystore/limited-edition-grb6,sunday funday packers; green bay script tee; packers gameday shirt,retro
Green Bay Packers Fan Shirts,Wisconsin Home State Shirt,HOME inside the Wisconsin state outline,24.99,/shop/limited-edition-grb9/green-bay-packers-shirts,https://viralstyle.com/kebystore/limited-edition-grb9,wisconsin home shirt; green bay state tee; wisconsin pride shirt,city
Green Bay Packers Fan Shirts,Green Bay Touchdown Shirt,GREENBAY TOUCHDOWN,24.99,/shop/limited-edition-grb10/green-bay-packers-shirts,https://viralstyle.com/kebystore/limited-edition-grb10,green bay touchdown shirt; packers td tee; green bay gameday shirt,classic
Green Bay Packers Fan Shirts,Jordan Love Is All You Need Shirt,JORDAN LOVE IS ALL YOU NEED with player,24.99,/shop/limited-edition-grb11/green-bay-packers-shirts,https://viralstyle.com/kebystore/limited-edition-grb11,jordan love shirt; love is all you need packers; green bay 10 tee,player
Green Bay Packers Fan Shirts,What Would Jordan Do Retro Shirt,WHAT WOULD JORDAN DO? retro color letters,24.99,/shop/limited-edition-grb12/green-bay-packers-shirts,https://viralstyle.com/kebystore/limited-edition-grb12,what would jordan do; jordan love retro shirt; packers retro tee,retro
Green Bay Packers Fan Shirts,Packers Retro Stacked Repeat Shirt,PACKERS PACKERS PACKERS retro stacked,24.99,/shop/limited-edition-grb13/green-bay-packers-shirts,https://viralstyle.com/kebystore/limited-edition-grb13,retro packers shirt; stacked packers tee; green bay vintage shirt,retro
Green Bay Packers Fan Shirts,Packers Groovy Wavy White Shirt,PACKERS PACKERS PACKERS groovy wavy letters,24.99,/shop/limited-edition-grb14/green-bay-packers-shirts,https://viralstyle.com/kebystore/limited-edition-grb14,groovy packers shirt; packers wavy tee; green bay womens shirt,retro
Green Bay Packers Fan Shirts,Green Bay Wisconsin Minimal Shirt,"Green Bay, Wisconsin with gold bar and football",24.99,/shop/limited-edition-grb17/green-bay-packers-shirts,https://viralstyle.com/kebystore/limited-edition-grb17,green bay wisconsin shirt; minimal packers tee; green bay city shirt,city
Green Bay Packers Fan Shirts,The Future Is Green Packers Shirt,THE FUTURE IS GREEN,24.99,/shop/limited-edition-grb18/green-bay-packers-shirts,https://viralstyle.com/kebystore/limited-edition-grb18,future is green shirt; packers future tee; green bay optimism shirt,classic
Green Bay Packers Fan Shirts,Sunday Funday Green Bay Bars Shirt,SUNDAY FUNDAY with gold bars,24.99,/shop/limited-edition-grb20/green-bay-packers-shirts,https://viralstyle.com/kebystore/limited-edition-grb20,sunday funday packers shirt; green bay olive tee; packers gameday shirt,classic
Dallas Vintage Sports Tees,Doomsday Defense Dallas Football Shirt,DOOMSDAY DEFENSE with skull in a retro helmet and stars,21.99,/shop/doomsday-defense-tee/dallas-cowboys-shirts,https://viralstyle.com/kebystore/doomsday-defense-tee,doomsday defense shirt; dallas defense tee; vintage cowboys defense shirt,retro
Dallas Vintage Sports Tees,This Girl Loves Cowboys Women's Shirt,THIS GIRL LOVES COWBOYS with football and stars,21.99,/shop/girly-vintage-texas-pride/dallas-cowboys-shirts,https://viralstyle.com/kebystore/girly-vintage-texas-pride,this girl loves cowboys; dallas womens shirt; cowboys girlfriend gift,family
Dallas Vintage Sports Tees,Dallas Football Star Lightning Vintage Shirt,"DALLAS FOOTBALL with star, lightning bolts and football",21.99,/shop/dallas-football-vintage-style-tee/dallas-cowboys-shirts,https://viralstyle.com/kebystore/dallas-football-vintage-style-tee,dallas football shirt; vintage dallas tee; cowboys star shirt,retro
Dallas Vintage Sports Tees,Dallas Football 1960 Helmet Vintage Shirt,"DALLAS FOOTBALL 1960 DALLAS, TEXAS with retro helmet",21.99,/shop/dallas-football-vintage-athletic-style-f/dallas-cowboys-shirts,https://viralstyle.com/kebystore/dallas-football-vintage-athletic-style-f,dallas 1960 shirt; vintage dallas football tee; texas football shirt,retro
Dallas Vintage Sports Tees,Y'all Can Kiss My Dallas Longhorn Shirt,Y'ALL CAN KISS MY DALLAS with longhorn skull,21.99,/shop/vintage-country/dallas-cowboys-shirts,https://viralstyle.com/kebystore/vintage-country,funny dallas shirt; texas longhorn tee; yall can kiss my dallas,funny
Dallas Vintage Sports Tees,Dallas American Flag Vertical Shirt,DALLAS on a distressed vertical American flag,21.99,/shop/dallas-flag-tee/dallas-cowboys-shirts,https://viralstyle.com/kebystore/dallas-flag-tee,dallas flag shirt; patriotic dallas tee; texas american flag shirt,city
Dallas Vintage Sports Tees,Dallas 1960 Football Helmet White Shirt,DALLAS 1960 FOOTBALL with retro helmet,21.99,/shop/dallas-texas-vintage-athletic-style-t-sh/dallas-cowboys-shirts,https://viralstyle.com/kebystore/dallas-texas-vintage-athletic-style-t-sh,dallas white tee; vintage 1960 dallas shirt; texas football helmet shirt,retro
Dallas Vintage Sports Tees,Dallas Texas State Flag Pride Shirt,DALLAS TEXAS with state outline and Texas flag,21.99,/shop/vintage-texas-pride/dallas-cowboys-shirts,https://viralstyle.com/kebystore/vintage-texas-pride,texas pride shirt; dallas state outline tee; texas flag shirt,city
Dallas Vintage Sports Tees,Dallas Texas Est 1841 Navy Shirt,DALLAS EST. 1841 TEXAS collegiate lettering,21.99,/shop/dallas-texas-vintage-athletic-sports/dallas-cowboys-shirts,https://viralstyle.com/kebystore/dallas-texas-vintage-athletic-sports,dallas est 1841 shirt; dallas texas tee; collegiate dallas shirt,retro
Dallas Vintage Sports Tees,Dallas Texas Est 1841 Grey Shirt,DALLAS EST. 1841 TEXAS collegiate lettering,21.99,/shop/dallas-texas-vintage-athletic-sports-sty/dallas-cowboys-shirts,https://viralstyle.com/kebystore/dallas-texas-vintage-athletic-sports-sty,dallas grey tee; dallas texas vintage shirt; texas athletic shirt,retro
Michigan Go Blue Apparel,Second Act,SECOND ACT,21.00,/shop/second-act/michigan-wolverines-shirts,https://gridironlocker.shop/second-act?collectionId=YYMlCmwgKG__&color=GILDAN-NAVY&productId=6aa55e1e32b128dbbe980778,second act michigan shirt;michigan football tee;go blue second act tee;ann arbor football shirt;michigan wolverines fan gear;michigan football gift,classic
Michigan Go Blue Apparel,Limited Edition H A I L Mary,LIMITED EDITION H A I L MARY,21.00,/shop/limited-edition-h-a-i-l-mary/michigan-wolverines-shirts,https://gridironlocker.shop/limited-edition-h-a-i-l-mary?collectionId=YYMlCmwgKG__&color=GILDAN-NAVY&productId=6aa1f0b9534eadb8cbb5a139,hail mary michigan shirt;limited edition hail mary tee;michigan hail mary shirt;go blue hail tee;michigan wolverines fan gear;ann arbor football shirt,classic
Michigan Go Blue Apparel,One Second,ONE SECOND,21.00,/shop/one-second/michigan-wolverines-shirts,https://gridironlocker.shop/one-second?collectionId=YYMlCmwgKG__&color=GILDAN-HEATHER_SPORT_GREY&productId=6aa1ee07ad108e6fc6bd7ce6,one second michigan shirt;michigan one second tee;go blue shirt;michigan wolverines fan gear;ann arbor football shirt,classic
Michigan Go Blue Apparel,M vs everybody,M -VS- EVERYBODY,21.00,/shop/m-vs-everybody/michigan-wolverines-shirts,https://gridironlocker.shop/m-vs-everybody?collectionId=YYMlCmwgKG__&color=GILDAN-NAVY&productId=6aa1e7c8047e2b3b0d59e904,m vs everybody shirt;michigan vs everybody tee;go blue vs everybody shirt;michigan wolverines fan gear;ann arbor football shirt,classic
Michigan Go Blue Apparel,Second Act QB19 Vintage Football,SECOND ACT QB19 VINTAGE FOOTBALL,21.00,/shop/second-act-qb19-vintage-football/michigan-wolverines-shirts,https://gridironlocker.shop/second-act-qb19-vintage-football?collectionId=YYMlCmwgKG__&color=GILDAN-HEATHER_SPORT_GREY&productId=6aa1db87f1c6bb96a2648225,second act qb19 vintage football shirt;michigan qb19 vintage tee;bryce underwood michigan shirt;go blue qb19 tee;ann arbor football shirt;michigan wolverines fan gear,retro
Michigan Go Blue Apparel,Limited Edition Go Blue,LIMITED EDITION GO BLUE,21.00,/shop/limited-edition-go-blue/michigan-wolverines-shirts,https://gridironlocker.shop/limited-edition-go-blue?collectionId=YYMlCmwgKG__&color=GILDAN-HEATHER_SPORT_GREY&productId=6aa1d621454c0ee365c9edc5,limited edition go blue shirt;go blue michigan tee;michigan wolverines shirt;ann arbor football shirt;michigan football gift,classic
Michigan Go Blue Apparel,Michigan v Everybody,MICHIGAN -VS- EVERYBODY,21.00,/shop/michigan-v-everybody/michigan-wolverines-shirts,https://gridironlocker.shop/michigan-v-everybody?collectionId=YYMlCmwgKG__&color=GILDAN-HEATHER_SPORT_GREY&productId=6aa1d2d97e9d71e4274ce029,michigan vs everybody shirt;michigan v everybody tee;go blue vs everybody shirt;michigan wolverines fan gear;ann arbor football shirt,classic
Michigan Go Blue Apparel,MILF,MILF,21.00,/shop/milf/michigan-wolverines-shirts,https://gridironlocker.shop/milf?collectionId=YYMlCmwgKG__&color=GILDAN-NAVY&productId=6aa1c4502b4261ca56ecce11,milf michigan shirt;michigan milf tee;go blue funny shirt;michigan wolverines fan gear;ann arbor football shirt,funny
Michigan Go Blue Apparel,BET M,BET M,21.00,/shop/bet-m/michigan-wolverines-shirts,https://gridironlocker.shop/bet-m?collectionId=YYMlCmwgKG__&color=GILDAN-NAVY&productId=6aa1b73fec16917b7f63d118,bet m michigan shirt;michigan bet m tee;go blue bet shirt;michigan wolverines fan gear;ann arbor football shirt,funny
Michigan Go Blue Apparel,Michigan Bet Vintage,MICHIGAN BET VINTAGE,21.00,/shop/michigan-bet-vintage/michigan-wolverines-shirts,https://gridironlocker.shop/michigan-bet-vintage?collectionId=YYMlCmwgKG__&color=GILDAN-NAVY&productId=6aa1b73ff7b554e33d7d9453,michigan bet vintage shirt;michigan bet vintage tee;go blue bet shirt;michigan wolverines fan gear;ann arbor football shirt,retro
Michigan Go Blue Apparel,Michigan Revenge Tour,MICHIGAN REVENGE TOUR,21.00,/shop/michigan-revenge-tour/michigan-wolverines-shirts,https://gridironlocker.shop/michigan-revenge-tour?collectionId=YYMlCmwgKG__&color=GILDAN-NAVY&productId=6aa1b3141e2a91b12ce7bb6a,michigan revenge tour shirt;michigan revenge tour tee;go blue shirt;michigan wolverines fan gear;ann arbor football shirt,classic
Michigan Go Blue Apparel,Michigan BET,MICHIGAN BET,21.00,/shop/michigan-bet/michigan-wolverines-shirts,https://gridironlocker.shop/michigan-bet?collectionId=YYMlCmwgKG__&color=GILDAN-NAVY&productId=6aa1b1f759ee834ea2120a3f,michigan bet shirt;michigan bet tee;go blue bet shirt;michigan wolverines fan gear;ann arbor football shirt,classic
