title,description,link,image_url,board,tags
Shedeur Sanders 12 They Forgot Who I Am Shirt - Dawg Pound Game Day Outfit Idea | Cleveland Browns F,"Shedeur Sanders 12 They Forgot Who I Am Shirt - Dawg Pound Game Day Outfit Idea | Cleveland Browns Fan Style. Add to your tailgate outfit ideas. | Cleveland Browns fan style | S-3XL, printed on demand, ships worldwide.",https://viralstyle.com/kebystore/sanders-13-special-edition,https://assets.viralstyle.com/campaigns/4cb2b96f-6fd9-7a64-99bb-c6ac2ab1e975/Ov2bD8-a1q3DQ0-0mPKYYK-front-large.jpg,Cleveland Browns Fan Style,"#sandersbrownsqbtee, #brownsfans, #clevelandquarterback, #playertee, #shedeursandersshirt, #clevelandfootball, #fanfavorite, #dawgpound"
Sanders QB 12 Signature Shirt - Cleveland Browns Outfit Inspo | Game Day to Everyday. Save to your g,"Sanders QB 12 Signature Shirt - Cleveland Browns Outfit Inspo | Game Day to Everyday. Save to your game day board — S to 3XL, printed on demand. | Cleveland Browns fan style | S-3XL, printed on demand, ships worldwide.",https://viralstyle.com/kebystore/sanders-12-special-edition,https://assets.viralstyle.com/campaigns/0336ca9d-8e22-3b64-c572-70da0bf850ed/JxBb3x-qeb1K3y-y0qOMo6-front-large.jpg,Cleveland Browns Fan Style,"#sandersqbshirt, #playertee, #fanfavorite, #browns12quarterbackt, #clevelandrookieqbshi, #dawgpound, #brownsfans, #clevelandfootball"
Sanders QB Signature White Shirt - Cleveland Browns Outfit Inspo | Game Day to Everyday. Save to you,"Sanders QB Signature White Shirt - Cleveland Browns Outfit Inspo | Game Day to Everyday. Save to your game day board — S to 3XL, printed on demand. | Cleveland Browns fan style | S-3XL, printed on demand, ships worldwide.",https://viralstyle.com/kebystore/sanders-special-edition,https://assets.viralstyle.com/campaigns/dc8a2b08-7e40-ab64-29a7-45760ae4bbc2/BAqBeE-9M51kPA-wkRqMmp-front-large.jpg,Cleveland Browns Fan Style,"#fanfavorite, #brownsfans, #playertee, #sanderswhitetee, #dawgpound, #brownsquarterbackshi, #clevelandfootball, #clevelandqbsignature"
Jordan Love 10 Green Bay Hoodie - Green and Gold Street Style | Go Pack Go Approved. Save to your ga,"Jordan Love 10 Green Bay Hoodie - Green and Gold Street Style | Go Pack Go Approved. Save to your game day board — S to 3XL, printed on demand. | Green Bay Packers fan style | S-3XL, printed on demand, ships worldwide.",https://viralstyle.com/kebystore/limited-edition-grb31,https://assets.viralstyle.com/campaigns/892386a6-426f-5c24-65b7-4254dadc69ac/54LwZn-3WKEp3R-DvzZZzX-front-large.jpg,Green Bay Packers Fan Style,"#playertee, #jordanlovehoodie, #gopackgo, #fanfavorite, #packers10sweatshirt, #cheeseheadnation, #packersfans, #greenbayqbhoodie"
Jordan Freaking Love Shirt - Titletown Fan Style | Wisconsin Winter Game Day Idea. Pin this for your,"Jordan Freaking Love Shirt - Titletown Fan Style | Wisconsin Winter Game Day Idea. Pin this for your football gift list. | Green Bay Packers fan style | S-3XL, printed on demand, ships worldwide.",https://viralstyle.com/kebystore/limited-edition-grb30,https://assets.viralstyle.com/campaigns/7eb94978-835b-9c04-917d-a68c150b2efd/54LwZ9-kZRQxLG-y0LDDP6-front-large.jpg,Green Bay Packers Fan Style,"#jordanloveshirt, #packersfans, #playertee, #gopackgo, #packersqbtee, #cheeseheadnation, #fanfavorite, #greenbayloveshirt"
Jordan Love 10 Flag Number Shirt - Titletown Fan Style | Wisconsin Winter Game Day Idea. Tap to see ,"Jordan Love 10 Flag Number Shirt - Titletown Fan Style | Wisconsin Winter Game Day Idea. Tap to see colourways, sizes, and secure checkout. | Green Bay Packers fan style | S-3XL, printed on demand, ships worldwide.",https://viralstyle.com/kebystore/limited-edition-grb36,https://assets.viralstyle.com/campaigns/86d83aaf-2167-1d14-9100-c4adfc4e5b1e/4Z5wnM-0mLZb6G-mbq0oWw-front-large.jpg,Green Bay Packers Fan Style,"#packersfans, #fanfavorite, #playertee, #gopackgo, #cheeseheadnation, #jordanloveflagshirt, #packers10tee, #greenbaypatrioticshi"
Love 10 Jersey Back Shirt - Packers Outfit Inspo | Frozen Tundra to Everyday. Save to your game day ,"Love 10 Jersey Back Shirt - Packers Outfit Inspo | Frozen Tundra to Everyday. Save to your game day board — S to 3XL, printed on demand. | Green Bay Packers fan style | S-3XL, printed on demand, ships worldwide.",https://viralstyle.com/kebystore/limited-edition-grb24,https://assets.viralstyle.com/campaigns/1a6021aa-59ba-7db4-b5a7-e41e8d03dff0/1abBEm-58oopOk-LKzzxXp-front-large.jpg,Green Bay Packers Fan Style,"#packers10backtee, #playertee, #greenbayjerseyshirt, #fanfavorite, #packersfans, #cheeseheadnation, #gopackgo, #jordanlovejerseyshir"
Let The 10VE Begin Green Bay Shirt - Cheesehead Game Day Outfit Idea | Green Bay Packers Style. Save,"Let The 10VE Begin Green Bay Shirt - Cheesehead Game Day Outfit Idea | Green Bay Packers Style. Save to your game day board — S to 3XL, printed on demand. | Green Bay Packers fan style | S-3XL, printed on demand, ships worldwide.",https://viralstyle.com/kebystore/limited-edition-grb4,https://assets.viralstyle.com/campaigns/6d1d8e9f-58c3-e3a4-c581-e63ff1850ec1/237ZJz-Xazz6Kn-YQrr0Vx-front-large.jpg,Green Bay Packers Fan Style,"#gopackgo, #cheeseheadnation, #greenbayqbshirt, #letthelovebeginpacke, #playertee, #packersfans, #jordanlove10tee, #fanfavorite"
Jordan Love Is All You Need Shirt - Cheesehead Game Day Outfit Idea | Green Bay Packers Style. Add t,"Jordan Love Is All You Need Shirt - Cheesehead Game Day Outfit Idea | Green Bay Packers Style. Add to your tailgate outfit ideas. | Green Bay Packers fan style | S-3XL, printed on demand, ships worldwide.",https://viralstyle.com/kebystore/limited-edition-grb11,https://assets.viralstyle.com/campaigns/6223fe69-b60b-7794-6166-512b50894f82/3Ll150-4AVVayJ-RAzzv7p-front-large.jpg,Green Bay Packers Fan Style,"#cheeseheadnation, #packersfans, #playertee, #loveisallyouneedpack, #fanfavorite, #jordanloveshirt, #gopackgo, #greenbay10tee"
All You Need Is Love 10 Helmet Shirt - Titletown Fan Style | Wisconsin Winter Game Day Idea. Save to,"All You Need Is Love 10 Helmet Shirt - Titletown Fan Style | Wisconsin Winter Game Day Idea. Save to your game day board — S to 3XL, printed on demand. | Green Bay Packers fan style | S-3XL, printed on demand, ships worldwide.",https://viralstyle.com/kebystore/limited-edition-grb33,https://assets.viralstyle.com/campaigns/12809b9f-219b-b674-610a-768cadf0334d/pGnBqK-GnmE8wO-Evm11re-front-large.jpg,Green Bay Packers Fan Style,"#cheeseheadnation, #jordanlove10shirt, #vintagefootball, #retrostyle, #greenbayretrotee, #allyouneedislovepack, #packersfans, #gopackgo"
Go Pack Go Stencil Shirt - Titletown Fan Style | Wisconsin Winter Game Day Idea. Tap to see colourwa,"Go Pack Go Stencil Shirt - Titletown Fan Style | Wisconsin Winter Game Day Idea. Tap to see colourways, sizes, and secure checkout. | Green Bay Packers fan style | S-3XL, printed on demand, ships worldwide.",https://viralstyle.com/kebystore/limited-edition-grb5,https://assets.viralstyle.com/campaigns/602343c5-0b60-4b14-d580-b217d3d8c2d5/PKmoyq-OKzzO8J-BammQmE-front-large.jpg,Green Bay Packers Fan Style,"#packerschanttee, #classictee, #gopackgoshirt, #greenbayyellowshirt, #packersfans, #cheeseheadnation, #gamedaystyle, #gopackgo"
What Would Jordan Do Retro Shirt - Lambeau Field Tailgate Look | Wisconsin Fan Gift. Save this look ,"What Would Jordan Do Retro Shirt - Lambeau Field Tailgate Look | Wisconsin Fan Gift. Save this look for your next game day outfit. | Green Bay Packers fan style | S-3XL, printed on demand, ships worldwide.",https://viralstyle.com/kebystore/limited-edition-grb12,https://assets.viralstyle.com/campaigns/5340f8fc-6ef9-1994-8dc2-808d7275df69/vZe6KY-WmzzD62-VkVVyvM-front-large.jpg,Green Bay Packers Fan Style,"#jordanloveretroshirt, #packersfans, #cheeseheadnation, #gopackgo, #packersretrotee, #whatwouldjordando, #retrostyle, #vintagefootball"
This Girl Loves The Pack Shirt - Titletown Fan Style | Wisconsin Winter Game Day Idea. Pin this for ,"This Girl Loves The Pack Shirt - Titletown Fan Style | Wisconsin Winter Game Day Idea. Pin this for your football gift list. | Green Bay Packers fan style | S-3XL, printed on demand, ships worldwide.",https://viralstyle.com/kebystore/limited-edition-grb37,https://assets.viralstyle.com/campaigns/22d7fa3e-7db6-cd24-3555-3c6bbaf84f5a/nJZypp-a1k06Zq-0mLZxEG-front-large.jpg,Green Bay Packers Fan Style,"#packersfans, #thisgirllovesthepack, #footballgift, #packerswomensshirt, #cheeseheadnation, #greenbaygirlfriendgi, #giftideas, #gopackgo"
Cheese Heart Green Bay Shirt - Green and Gold Street Style | Go Pack Go Approved. Pin this for your ,"Cheese Heart Green Bay Shirt - Green and Gold Street Style | Go Pack Go Approved. Pin this for your football gift list. | Green Bay Packers fan style | S-3XL, printed on demand, ships worldwide.",https://viralstyle.com/kebystore/limited-edition-grb32,https://assets.viralstyle.com/campaigns/9b53afe2-1327-cb84-b9ee-f0f282199187/9A6w22-qer0KK5-y0LDDM5-front-large.jpg,Green Bay Packers Fan Style,"#cheeseheadnation, #footballhumor, #funnyfootball, #packersfans, #cheeseheadshirt, #wisconsincheeseshirt, #packerscheeseheartte, #gopackgo"
Pack Is Back Green Bay Shirt - Cheesehead Game Day Outfit Idea | Green Bay Packers Style. Save this ,"Pack Is Back Green Bay Shirt - Cheesehead Game Day Outfit Idea | Green Bay Packers Style. Save this look for your next game day outfit. | Green Bay Packers fan style | S-3XL, printed on demand, ships worldwide.",https://viralstyle.com/kebystore/limited-edition-grb29,https://assets.viralstyle.com/campaigns/994faae7-9be0-ab14-594a-a2e53ae38e37/bMpJvl-zbqD4m2-P9wOOR1-front-large.jpg,Green Bay Packers Fan Style,"#gamedaystyle, #classictee, #packerscomebacktee, #packisbackshirt, #packersfans, #greenbayfanshirt, #cheeseheadnation, #gopackgo"
Green Bay Football Cheesehead Nation Shirt - Packers Outfit Inspo | Frozen Tundra to Everyday. Pin t,"Green Bay Football Cheesehead Nation Shirt - Packers Outfit Inspo | Frozen Tundra to Everyday. Pin this for your football gift list. | Green Bay Packers fan style | S-3XL, printed on demand, ships worldwide.",https://viralstyle.com/kebystore/limited-edition-grb8,https://assets.viralstyle.com/campaigns/64b8669a-d807-1c14-01ff-ca6e2a8120d5/EO5o4A-EvmmRlK-vo77pER-front-large.jpg,Green Bay Packers Fan Style,"#cheeseheadnationshir, #cheeseheadnation, #greenbay1919tee, #gopackgo, #vintagefootball, #retrostyle, #packersmascotshirt, #packersfans"
Green Bay Football Cheese And Beer Shirt - Green and Gold Street Style | Go Pack Go Approved. Tap to,"Green Bay Football Cheese And Beer Shirt - Green and Gold Street Style | Go Pack Go Approved. Tap to see colourways, sizes, and secure checkout. | Green Bay Packers fan style | S-3XL, printed on demand, ships worldwide.",https://viralstyle.com/kebystore/limited-edition-grb7,https://assets.viralstyle.com/campaigns/039585ea-244e-e204-2dd3-0b7f54fdf0bc/6vL2e7-Bammn3D-3WKKQpW-front-large.jpg,Green Bay Packers Fan Style,"#packersfans, #funnygreenbayshirt, #funnyfootball, #cheeseheadnation, #footballhumor, #packersbeershirt, #cheeseandbeertee, #gopackgo"
Packers Distressed American Flag Shirt - Cheesehead Game Day Outfit Idea | Green Bay Packers Style. ,"Packers Distressed American Flag Shirt - Cheesehead Game Day Outfit Idea | Green Bay Packers Style. Add to your tailgate outfit ideas. | Green Bay Packers fan style | S-3XL, printed on demand, ships worldwide.",https://viralstyle.com/kebystore/limited-edition-grb27,https://assets.viralstyle.com/campaigns/e356d504-c510-bf74-edd2-b9734b07a471/aOPYeJ-eOBLpZL-1MK63QL-front-large.jpg,Green Bay Packers Fan Style,"#gopackgo, #hometown, #greenbaypatriotictee, #usapackersshirt, #packersfans, #packersflagshirt, #cheeseheadnation, #citypride"
Green Bay Packers Football Stars Shirt - Lambeau Field Tailgate Look | Wisconsin Fan Gift. Add to yo,"Green Bay Packers Football Stars Shirt - Lambeau Field Tailgate Look | Wisconsin Fan Gift. Add to your tailgate outfit ideas. | Green Bay Packers fan style | S-3XL, printed on demand, ships worldwide.",https://viralstyle.com/kebystore/limited-edition-grb26,https://assets.viralstyle.com/campaigns/92c5339c-e829-dc94-f11a-e53ea9fda877/nJZpmw-y0LMQm3-bXn72e6-front-large.jpg,Green Bay Packers Fan Style,"#greenbaypackersshirt, #goldpackersshirt, #cheeseheadnation, #gamedaystyle, #packersfans, #classictee, #packersfootballtee, #gopackgo"
Green Bay Vs Everyone Shirt - Titletown Fan Style | Wisconsin Winter Game Day Idea. Add to your tail,"Green Bay Vs Everyone Shirt - Titletown Fan Style | Wisconsin Winter Game Day Idea. Add to your tailgate outfit ideas. | Green Bay Packers fan style | S-3XL, printed on demand, ships worldwide.",https://viralstyle.com/kebystore/limited-edition-grb1-1,https://assets.viralstyle.com/campaigns/8717f47a-dd9e-9a84-89f9-a73cdb79de04/vZe6Lz-YQrrMk1-qerrOWo-front-large.jpg,Green Bay Packers Fan Style,"#packersfans, #classictee, #gopackgo, #greenbayvseveryone, #greenbayattitudetee, #packersvseverybodysh, #gamedaystyle, #cheeseheadnation"
Green Bay WI Football Team Est 1919 Shirt - Titletown Fan Style | Wisconsin Winter Game Day Idea. Sa,"Green Bay WI Football Team Est 1919 Shirt - Titletown Fan Style | Wisconsin Winter Game Day Idea. Save to your game day board — S to 3XL, printed on demand. | Green Bay Packers fan style | S-3XL, printed on demand, ships worldwide.",https://viralstyle.com/kebystore/limited-edition-grb16,https://assets.viralstyle.com/campaigns/0aca0efc-9ddc-c204-89dc-48d710e82d4d/KJZwzB-paJJARq-a1kkaOx-front-large.jpg,Green Bay Packers Fan Style,"#wisconsinfootballshi, #cheeseheadnation, #vintagefootball, #retrostyle, #packersfans, #greenbay1919shirt, #packerscresttee, #gopackgo"
Property Of Green Bay Packers 1919 Shirt - Packers Outfit Inspo | Frozen Tundra to Everyday. Save to,"Property Of Green Bay Packers 1919 Shirt - Packers Outfit Inspo | Frozen Tundra to Everyday. Save to your game day board — S to 3XL, printed on demand. | Green Bay Packers fan style | S-3XL, printed on demand, ships worldwide.",https://viralstyle.com/kebystore/limited-edition-grb15,https://assets.viralstyle.com/campaigns/603afcf7-f5ae-9834-09d8-be17951615f7/Rqwoze-EvmmnQP-vo77pOV-front-large.jpg,Green Bay Packers Fan Style,"#vintagefootball, #collegiatepackersshi, #retrostyle, #packersfans, #gopackgo, #greenbay1919tee, #cheeseheadnation, #propertyofpackersshi"
Sunday Funday Wisconsin Outline Shirt - Lambeau Field Tailgate Look | Wisconsin Fan Gift. Tap to see,"Sunday Funday Wisconsin Outline Shirt - Lambeau Field Tailgate Look | Wisconsin Fan Gift. Tap to see colourways, sizes, and secure checkout. | Green Bay Packers fan style | S-3XL, printed on demand, ships worldwide.",https://viralstyle.com/kebystore/limited-edition-grb25,https://assets.viralstyle.com/campaigns/dad7bb36-596e-7804-8512-8bbdff2326cb/qJ3QDv-qerrwJo-y0LLG7w-front-large.jpg,Green Bay Packers Fan Style,"#citypride, #packersgamedayshirt, #hometown, #wisconsinoutlinetee, #packersfans, #sundayfundayshirt, #cheeseheadnation, #gopackgo"
The Packers Make Me Drink Shirt - Titletown Fan Style | Wisconsin Winter Game Day Idea. Save this lo,"The Packers Make Me Drink Shirt - Titletown Fan Style | Wisconsin Winter Game Day Idea. Save this look for your next game day outfit. | Green Bay Packers fan style | S-3XL, printed on demand, ships worldwide.",https://viralstyle.com/kebystore/limited-edition-grb2,https://assets.viralstyle.com/campaigns/3e8e3b02-f762-a624-e1c3-c9385b2b001b/9A6qK2-EvmmBmz-vo77Jva-front-large.jpg,Green Bay Packers Fan Style,"#cheeseheadnation, #funnyfootball, #footballhumor, #packersmakemedrink, #packersfans, #greenbaybeertee, #gopackgo, #funnypackersshirt"
Our Coach Is Hotter Than Your Coach Shirt - Titletown Fan Style | Wisconsin Winter Game Day Idea. Sa,"Our Coach Is Hotter Than Your Coach Shirt - Titletown Fan Style | Wisconsin Winter Game Day Idea. Save to your game day board — S to 3XL, printed on demand. | Green Bay Packers fan style | S-3XL, printed on demand, ships worldwide.",https://viralstyle.com/kebystore/limited-edition-grb3,https://assets.viralstyle.com/campaigns/5b49fd48-03e5-6694-49b0-49d182d40092/Z4WV8G-VkVVz25-Jnww0eE-front-large.jpg,Green Bay Packers Fan Style,"#funnypackerscoachshi, #packershumorshirt, #packersfans, #footballhumor, #cheeseheadnation, #gopackgo, #greenbaycoachtee, #funnyfootball"
Sunday Funday Green Bay Script Shirt - Lambeau Field Tailgate Look | Wisconsin Fan Gift. Pin this fo,"Sunday Funday Green Bay Script Shirt - Lambeau Field Tailgate Look | Wisconsin Fan Gift. Pin this for your football gift list. | Green Bay Packers fan style | S-3XL, printed on demand, ships worldwide.",https://viralstyle.com/kebystore/limited-edition-grb6,https://assets.viralstyle.com/campaigns/7d02af14-db22-66e4-fd45-b99bfbbf1c74/4Z5xeM-kZRR1EM-y0LLYQk-front-large.jpg,Green Bay Packers Fan Style,"#packersgamedayshirt, #sundayfundaypackers, #vintagefootball, #cheeseheadnation, #greenbayscripttee, #packersfans, #gopackgo, #retrostyle"
Wisconsin Home State Shirt - Green and Gold Street Style | Go Pack Go Approved. Tap to see colourway,"Wisconsin Home State Shirt - Green and Gold Street Style | Go Pack Go Approved. Tap to see colourways, sizes, and secure checkout. | Green Bay Packers fan style | S-3XL, printed on demand, ships worldwide.",https://viralstyle.com/kebystore/limited-edition-grb9,https://assets.viralstyle.com/campaigns/a2a12b59-f61f-1af4-45ff-4ff5e9a272b0/lwW67r-ZQaa3xo-Wmzzp34-front-large.jpg,Green Bay Packers Fan Style,"#hometown, #greenbaystatetee, #wisconsinprideshirt, #packersfans, #cheeseheadnation, #gopackgo, #citypride, #wisconsinhomeshirt"
Green Bay Touchdown Shirt - Titletown Fan Style | Wisconsin Winter Game Day Idea. Tap to see colourw,"Green Bay Touchdown Shirt - Titletown Fan Style | Wisconsin Winter Game Day Idea. Tap to see colourways, sizes, and secure checkout. | Green Bay Packers fan style | S-3XL, printed on demand, ships worldwide.",https://viralstyle.com/kebystore/limited-edition-grb10,https://assets.viralstyle.com/campaigns/d66d6844-a61c-5ed4-d916-2fec64ae8fcd/4Z5x8J-OKzz4Z8-BammDEK-front-large.jpg,Green Bay Packers Fan Style,"#packersfans, #gamedaystyle, #cheeseheadnation, #classictee, #gopackgo, #greenbaygamedayshirt, #packerstdtee, #greenbaytouchdownshi"
Packers Retro Stacked Repeat Shirt - Packers Outfit Inspo | Frozen Tundra to Everyday. Pin this for ,"Packers Retro Stacked Repeat Shirt - Packers Outfit Inspo | Frozen Tundra to Everyday. Pin this for your football gift list. | Green Bay Packers fan style | S-3XL, printed on demand, ships worldwide.",https://viralstyle.com/kebystore/limited-edition-grb13,https://assets.viralstyle.com/campaigns/abac2842-6d30-3194-d52d-ae0aa3c2a5d2/pGn671-Xazz4aR-YQrrZz1-front-large.jpg,Green Bay Packers Fan Style,"#retropackersshirt, #cheeseheadnation, #greenbayvintageshirt, #gopackgo, #packersfans, #retrostyle, #vintagefootball, #stackedpackerstee"
Packers Groovy Wavy White Shirt - Cheesehead Game Day Outfit Idea | Green Bay Packers Style. Save th,"Packers Groovy Wavy White Shirt - Cheesehead Game Day Outfit Idea | Green Bay Packers Style. Save this look for your next game day outfit. | Green Bay Packers fan style | S-3XL, printed on demand, ships worldwide.",https://viralstyle.com/kebystore/limited-edition-grb14,https://assets.viralstyle.com/campaigns/447919ae-0118-fc54-cd7f-84d2a368349e/x273Y2-9Moo0La-wkrrBKY-front-large.jpg,Green Bay Packers Fan Style,"#vintagefootball, #retrostyle, #packersfans, #packerswavytee, #gopackgo, #greenbaywomensshirt, #cheeseheadnation, #groovypackersshirt"
Green Bay Wisconsin Minimal Shirt - Lambeau Field Tailgate Look | Wisconsin Fan Gift. Save to your g,"Green Bay Wisconsin Minimal Shirt - Lambeau Field Tailgate Look | Wisconsin Fan Gift. Save to your game day board — S to 3XL, printed on demand. | Green Bay Packers fan style | S-3XL, printed on demand, ships worldwide.",https://viralstyle.com/kebystore/limited-edition-grb17,https://assets.viralstyle.com/campaigns/50f8e9b0-1f81-4e74-25ca-a9578bd49c97/Gkvome-3WKKzmw-Dvzz5Yk-front-large.jpg,Green Bay Packers Fan Style,"#packersfans, #citypride, #hometown, #cheeseheadnation, #minimalpackerstee, #greenbaycityshirt, #greenbaywisconsinshi, #gopackgo"
The Future Is Green Packers Shirt - Titletown Fan Style | Wisconsin Winter Game Day Idea. Save this ,"The Future Is Green Packers Shirt - Titletown Fan Style | Wisconsin Winter Game Day Idea. Save this look for your next game day outfit. | Green Bay Packers fan style | S-3XL, printed on demand, ships worldwide.",https://viralstyle.com/kebystore/limited-edition-grb18,https://assets.viralstyle.com/campaigns/07ecef45-69cd-6964-a155-dbfb8c053359/zpP5q1-mbqqAYZ-xxYYel2-front-large.jpg,Green Bay Packers Fan Style,"#packersfuturetee, #gopackgo, #cheeseheadnation, #futureisgreenshirt, #packersfans, #greenbayoptimismshir, #gamedaystyle, #classictee"
Sunday Funday Green Bay Bars Shirt - Green and Gold Street Style | Go Pack Go Approved. Pin this for,"Sunday Funday Green Bay Bars Shirt - Green and Gold Street Style | Go Pack Go Approved. Pin this for your football gift list. | Green Bay Packers fan style | S-3XL, printed on demand, ships worldwide.",https://viralstyle.com/kebystore/limited-edition-grb20,https://assets.viralstyle.com/campaigns/12ccf4c2-c428-6804-f94a-b13acf72b2ef/BAWoEV-n8eeGk0-paJJE12-front-large.jpg,Green Bay Packers Fan Style,"#packersgamedayshirt, #packersfans, #gopackgo, #classictee, #gamedaystyle, #sundayfundaypackerss, #greenbayolivetee, #cheeseheadnation"
Doomsday Defense Dallas Football Shirt - Dallas Cowboys Game Day Outfit Idea | Texas Football Style.,"Doomsday Defense Dallas Football Shirt - Dallas Cowboys Game Day Outfit Idea | Texas Football Style. Save this look for your next game day outfit. | Dallas Cowboys fan style | S-3XL, printed on demand, ships worldwide.",https://viralstyle.com/kebystore/doomsday-defense-tee,https://assets.viralstyle.com/campaigns/66b2144f-7827-bf44-e98e-b7d2b401bb66/pGm4XK-58EZxv1-LKoyL2a-front-large.jpg,Dallas Cowboys Fan Style,"#doomsdaydefenseshirt, #dallascowboys, #vintagecowboysdefens, #retrostyle, #star city, #texasfootball, #dallasdefensetee, #vintagefootball"
This Girl Loves Cowboys Women's Shirt - Star City Tailgate Look | Dallas Fan Gift. Add to your tailg,"This Girl Loves Cowboys Women's Shirt - Star City Tailgate Look | Dallas Fan Gift. Add to your tailgate outfit ideas. | Dallas Cowboys fan style | S-3XL, printed on demand, ships worldwide.",https://viralstyle.com/kebystore/girly-vintage-texas-pride,https://assets.viralstyle.com/campaigns/f95c24c1-da3d-6654-259e-a0194968f2af/ypnVGo-WmoKM6w-Vkoqevz-front-large.jpg,Dallas Cowboys Fan Style,"#texasfootball, #thisgirllovescowboys, #star city, #footballgift, #giftideas, #dallascowboys, #dallaswomensshirt, #cowboysgirlfriendgif"
Dallas Football Star Lightning Vintage Shirt - Dallas Outfit Inspo | Prime Time to Everyday. Save to,"Dallas Football Star Lightning Vintage Shirt - Dallas Outfit Inspo | Prime Time to Everyday. Save to your game day board — S to 3XL, printed on demand. | Dallas Cowboys fan style | S-3XL, printed on demand, ships worldwide.",https://viralstyle.com/kebystore/dallas-football-vintage-style-tee,https://assets.viralstyle.com/campaigns/7863f0ad-9a83-69e4-3944-01b32ebc283e/7Enypz-OKoZGqJ-BaoGW5E-front-large.jpg,Dallas Cowboys Fan Style,"#texasfootball, #vintagedallastee, #vintagefootball, #star city, #dallascowboys, #dallasfootballshirt, #cowboysstarshirt, #retrostyle"
Dallas Football 1960 Helmet Vintage Shirt - Texas Pride Fan Style | Lone Star Game Day Idea. Pin thi,"Dallas Football 1960 Helmet Vintage Shirt - Texas Pride Fan Style | Lone Star Game Day Idea. Pin this for your football gift list. | Dallas Cowboys fan style | S-3XL, printed on demand, ships worldwide.",https://viralstyle.com/kebystore/dallas-football-vintage-athletic-style-f,https://assets.viralstyle.com/campaigns/aebaed1a-e142-e444-9d45-49bb94263110/6vknEX-0mbk4pk-mb62OEJ-front-large.jpg,Dallas Cowboys Fan Style,"#dallascowboys, #star city, #vintagefootball, #vintagedallasfootbal, #texasfootball, #retrostyle, #dallas1960shirt, #texasfootballshirt"
Dallas 1960 Football Helmet White Shirt - Dallas Cowboys Game Day Outfit Idea | Texas Football Style,"Dallas 1960 Football Helmet White Shirt - Dallas Cowboys Game Day Outfit Idea | Texas Football Style. Add to your tailgate outfit ideas. | Dallas Cowboys fan style | S-3XL, printed on demand, ships worldwide.",https://viralstyle.com/kebystore/dallas-texas-vintage-athletic-style-t-sh,https://assets.viralstyle.com/campaigns/a61aa18b-ea70-03c4-1532-0579575670c6/RqWV9a-EvoW97o-vo6zOG8-front-large.jpg,Dallas Cowboys Fan Style,"#dallascowboys, #dallaswhitetee, #retrostyle, #texasfootball, #texasfootballhelmets, #star city, #vintage1960dallasshi, #vintagefootball"
Dallas Texas Est 1841 Navy Shirt - Texas Pride Fan Style | Lone Star Game Day Idea. Tap to see colou,"Dallas Texas Est 1841 Navy Shirt - Texas Pride Fan Style | Lone Star Game Day Idea. Tap to see colourways, sizes, and secure checkout. | Dallas Cowboys fan style | S-3XL, printed on demand, ships worldwide.",https://viralstyle.com/kebystore/dallas-texas-vintage-athletic-sports,https://assets.viralstyle.com/campaigns/2fdd257e-35d3-0224-d13f-d9e18234effe/4Zv92x-re6O42e-eObQ6OY-front-large.jpg,Dallas Cowboys Fan Style,"#dallascowboys, #collegiatedallasshir, #texasfootball, #retrostyle, #dallastexastee, #star city, #dallasest1841shirt, #vintagefootball"
Dallas Texas Est 1841 Grey Shirt - Dallas Outfit Inspo | Prime Time to Everyday. Add to your tailgat,"Dallas Texas Est 1841 Grey Shirt - Dallas Outfit Inspo | Prime Time to Everyday. Add to your tailgate outfit ideas. | Dallas Cowboys fan style | S-3XL, printed on demand, ships worldwide.",https://viralstyle.com/kebystore/dallas-texas-vintage-athletic-sports-sty,https://assets.viralstyle.com/campaigns/8085a3a0-6c27-3a84-4d33-9bf7ed4d38bb/RqWVla-vo6G9OB-Xao1M6o-front-large.jpg,Dallas Cowboys Fan Style,"#star city, #dallascowboys, #retrostyle, #texasfootball, #dallastexasvintagesh, #dallasgreytee, #texasathleticshirt, #vintagefootball"
I Love Michigan Heart Shirt - Big House Tailgate Look | Michigan Fan Gift. Save this look for your n,"I Love Michigan Heart Shirt - Big House Tailgate Look | Michigan Fan Gift. Save this look for your next game day outfit. | Michigan Wolverines fan style | S-3XL, printed on demand, ships worldwide.",https://viralstyle.com/kebystore/valentine-v2,https://assets.viralstyle.com/campaigns/1fe98601-8990-d994-4512-aba861b743f3/Z4Wywo-vo7zZao-Xazpv3W-front-large.jpg,Michigan Wolverines Fan Style,"#classictee, #michiganvseverybody, #goblue, #michiganfootball, #gobluevalentinegift, #ilovemichiganshirt, #gamedaystyle, #michiganhearttee"
Michigan Vs Everybody Grey Sweatshirt - Michigan Outfit Inspo | Campus to Game Day. Add to your tail,"Michigan Vs Everybody Grey Sweatshirt - Michigan Outfit Inspo | Campus to Game Day. Add to your tailgate outfit ideas. | Michigan Wolverines fan style | S-3XL, printed on demand, ships worldwide.",https://viralstyle.com/kebystore/limited-edition-m-fans-n30,https://assets.viralstyle.com/campaigns/1fc7c819-d164-7b84-3df3-04af3afd95de/qJ3YLl-paJROM2-a1kQEG4-front-large.jpg,Michigan Wolverines Fan Style,"#goblue, #michigangreycrewneck, #michiganfootball, #gobluesweatshirt, #classictee, #gamedaystyle, #michiganvseverybody"
Michigan Bet Ornate Sweatshirt - Michigan Outfit Inspo | Campus to Game Day. Pin this for your footb,"Michigan Bet Ornate Sweatshirt - Michigan Outfit Inspo | Campus to Game Day. Pin this for your football gift list. | Michigan Wolverines fan style | S-3XL, printed on demand, ships worldwide.",https://viralstyle.com/kebystore/limited-edition-m-fans-n29,https://assets.viralstyle.com/campaigns/4e1a35a1-0768-b4c4-d90d-35480edb057a/k53Yyw-n8eQqpp-APJ64pn-front-large.jpg,Michigan Wolverines Fan Style,"#michiganbetshirt, #gamedaystyle, #goblue, #classictee, #michiganfootballswea, #michiganvseverybody, #michiganfootball, #gobluecrewneck"
Bet M Michigan Sweatshirt - Big House Tailgate Look | Michigan Fan Gift. Save this look for your nex,"Bet M Michigan Sweatshirt - Big House Tailgate Look | Michigan Fan Gift. Save this look for your next game day outfit. | Michigan Wolverines fan style | S-3XL, printed on demand, ships worldwide.",https://viralstyle.com/kebystore/limited-edition-m-fans-n28,https://assets.viralstyle.com/campaigns/7cc441ff-cf12-afe4-7509-8efe08f9c3c6/k53YG6-vo7EaOY-XazqWVR-front-large.jpg,Michigan Wolverines Fan Style,"#gobluetee, #goblue, #michiganfootball, #classictee, #michiganmsweatshirt, #betmichiganshirt, #michiganvseverybody, #gamedaystyle"
Michigan Revenge Tour Sweatshirt - Big House Tailgate Look | Michigan Fan Gift. Add to your tailgate,"Michigan Revenge Tour Sweatshirt - Big House Tailgate Look | Michigan Fan Gift. Add to your tailgate outfit ideas. | Michigan Wolverines fan style | S-3XL, printed on demand, ships worldwide.",https://viralstyle.com/kebystore/limited-edition-m-fans-n27,https://assets.viralstyle.com/campaigns/b77dc294-3e11-3b74-7541-0c6875f0eacd/M5A91n-9Mo8WQ4-wkrEmQR-front-large.jpg,Michigan Wolverines Fan Style,"#michiganfootball, #gamedaystyle, #goblue, #classictee, #gobluesweatshirt, #michiganvseverybody, #michiganrevengetour, #michiganrivalryshirt"
Michigan Bet Block Sweatshirt - Michigan Go Blue Outfit Idea | Ann Arbor Game Day Style. Tap to see ,"Michigan Bet Block Sweatshirt - Michigan Go Blue Outfit Idea | Ann Arbor Game Day Style. Tap to see colourways, sizes, and secure checkout. | Michigan Wolverines fan style | S-3XL, printed on demand, ships worldwide.",https://viralstyle.com/kebystore/limited-edition-m-fans-n26,https://assets.viralstyle.com/campaigns/be235ba3-ac54-87c4-d9ca-281db3000ab1/Z4W84o-ZQaqxaW-Wmzr3ka-front-large.jpg,Michigan Wolverines Fan Style,"#goblue, #gamedaystyle, #michiganvseverybody, #michiganfootball, #classictee, #michiganbetcrewneck, #michigannavysweatshi, #goblueshirt"
Michigan Vs Everybody Navy Sweatshirt - Big House Tailgate Look | Michigan Fan Gift. Pin this for yo,"Michigan Vs Everybody Navy Sweatshirt - Big House Tailgate Look | Michigan Fan Gift. Pin this for your football gift list. | Michigan Wolverines fan style | S-3XL, printed on demand, ships worldwide.",https://viralstyle.com/kebystore/limited-edition-m-fans,https://assets.viralstyle.com/campaigns/57baad6e-fbaf-5f04-3da0-f645cdc42393/Ba5b1K-AP4vBom-onQX40z-front-large.jpg,Michigan Wolverines Fan Style,"#michiganfootball, #classictee, #gamedaystyle, #gobluenavycrewneck, #michiganvseverybodys, #michiganvseverybody, #goblue, #michiganfootballshir"
Denzel Ward Make Them Know Your Name Shirt - Cleveland Browns Outfit Inspo | Game Day to Everyday. T,"Denzel Ward Make Them Know Your Name Shirt - Cleveland Browns Outfit Inspo | Game Day to Everyday. Tap to see colourways, sizes, and secure checkout. | Cleveland Browns fan style | S-3XL, printed on demand, ships worldwide.",https://viralstyle.com/kebystore/denzel,https://assets.viralstyle.com/campaigns/75996d02-8f45-0664-d1fb-70f2126af326/M5BGGM-qel8qEv-y0QZY80-front-large.jpg,Cleveland Browns Fan Style,"#clevelandcornerbacks, #denzelwardshirt, #browns21tee, #dawgpound, #fanfavorite, #playertee, #brownsfans, #clevelandfootball"
Cleveland Under Dawgs All We Got Shirt - The Land Fan Style | Cold Weather Game Day Idea. Tap to see,"Cleveland Under Dawgs All We Got Shirt - The Land Fan Style | Cold Weather Game Day Idea. Tap to see colourways, sizes, and secure checkout. | Cleveland Browns fan style | S-3XL, printed on demand, ships worldwide.",https://viralstyle.com/kebystore/all-we-want-all-we-got,https://assets.viralstyle.com/campaigns/bbcf57ec-9777-8594-794c-43b54703e38b/7EYv6w-kZR7Kaw-Qkz4JJ9-front-large.jpg,Cleveland Browns Fan Style,"#clevelandfootball, #gameday, #clevelandplayoffsshi, #dawgpound, #dawgpoundtee, #brownsunderdogshirt, #brownsfans, #playoffready"
Playoffs Never Give Up Dawg Shirt - The Land Fan Style | Cold Weather Game Day Idea. Pin this for yo,"Playoffs Never Give Up Dawg Shirt - The Land Fan Style | Cold Weather Game Day Idea. Pin this for your football gift list. | Cleveland Browns fan style | S-3XL, printed on demand, ships worldwide.",https://viralstyle.com/kebystore/playoffs-never-giveup,https://assets.viralstyle.com/campaigns/d83bad86-7337-2fb4-694d-7dded09c2037/lwWzJE-a1kEMOP-Wmzvnba-front-large.jpg,Cleveland Browns Fan Style,"#dawgpoundplayoffs, #brownsfans, #gameday, #brownsplayoffshirt, #clevelandfootball, #nevergiveupfootballt, #dawgpound, #playoffready"
Playoff Pound And Determined Shirt - Cleveland Browns Outfit Inspo | Game Day to Everyday. Save to y,"Playoff Pound And Determined Shirt - Cleveland Browns Outfit Inspo | Game Day to Everyday. Save to your game day board — S to 3XL, printed on demand. | Cleveland Browns fan style | S-3XL, printed on demand, ships worldwide.",https://viralstyle.com/kebystore/play-off-pound-shirt,https://assets.viralstyle.com/campaigns/e4721496-fb6a-4c74-554e-62a30e743719/Gkvrxq-a1kBozP-0mLVqrq-front-large.jpg,Cleveland Browns Fan Style,"#playoffready, #brownsplayoffshirt, #dawgpound, #dawgpoundplayofftee, #clevelandfootball, #brownsfans, #gameday, #clevelanddetermineds"
Cleveland Under Dawgs Playoffs Shirt - Dawg Pound Game Day Outfit Idea | Cleveland Browns Fan Style.,"Cleveland Under Dawgs Playoffs Shirt - Dawg Pound Game Day Outfit Idea | Cleveland Browns Fan Style. Pin this for your football gift list. | Cleveland Browns fan style | S-3XL, printed on demand, ships worldwide.",https://viralstyle.com/kebystore/all-we-want-all-we-got-25,https://assets.viralstyle.com/campaigns/3630ba09-44e4-1ea4-9dbe-99f3974984c4/k5OkmL-mbk1kBO-xxPmb9v-front-large.jpg,Cleveland Browns Fan Style,"#playoffready, #dawgpoundplayoffshir, #dawgpound, #brownsplayofftee, #clevelandfootball, #brownsfans, #clevelandunderdogssh, #gameday"
Bend & Snap Funny Football Shirt - Orange and Brown Street Style | Dawg Pound Approved. Pin this for,"Bend & Snap Funny Football Shirt - Orange and Brown Street Style | Dawg Pound Approved. Pin this for your football gift list. | Cleveland Browns fan style | S-3XL, printed on demand, ships worldwide.",https://viralstyle.com/kebystore/bend-football-fans,https://assets.viralstyle.com/campaigns/b4ac2b5e-26ee-ec04-c990-5e111dd5b2da/AGLmXG-MxeZaLX-OK3x8KJ-front-large.jpg,Cleveland Browns Fan Style,"#clevelandfootball, #bendandsnaptee, #footballhumor, #funnyfootballshirt, #dawgpound, #footballhumorshirt, #brownsfans, #funnyfootball"
Cleveland It's Not That Bad Have A Beer Shirt - Dawg Pound Game Day Outfit Idea | Cleveland Browns F,"Cleveland It's Not That Bad Have A Beer Shirt - Dawg Pound Game Day Outfit Idea | Cleveland Browns Fan Style. Save this look for your next game day outfit. | Cleveland Browns fan style | S-3XL, printed on demand, ships worldwide.",https://viralstyle.com/kebystore/cleveland-its-not-that-bad-have-a-beer,https://assets.viralstyle.com/campaigns/c8e8f26a-63cb-08c4-85bb-1d06de32d4d2/23r3kp-4Ak3enX-RAxZ1re-front-large.jpg,Cleveland Browns Fan Style,"#clevelandbeertee, #footballhumor, #funnyfootball, #dawgpound, #funnyclevelandshirt, #clevelandfootball, #brownsfans, #ohiohumorshirt"
Cleveland Summer Slam Shirt - Cleveland Football Tailgate Look | Cleveland Fan Gift. Pin this for yo,"Cleveland Summer Slam Shirt - Cleveland Football Tailgate Look | Cleveland Fan Gift. Pin this for your football gift list. | Cleveland Browns fan style | S-3XL, printed on demand, ships worldwide.",https://viralstyle.com/kebystore/limited-edition-br-summer-2024,https://assets.viralstyle.com/campaigns/eeab2405-48d8-d1d4-9574-c4b5ae2393aa/pGakMG-Vk2Jraz-Jn8JalA-front-large.jpg,Cleveland Browns Fan Style,"#dawgpound, #dawgpoundsummershirt, #clevelandsummershirt, #brownsfans, #gamedaystyle, #brownssummertee, #clevelandfootball, #classictee"
Ohio Football Cleveland State Outline Shirt - Dawg Pound Game Day Outfit Idea | Cleveland Browns Fan,"Ohio Football Cleveland State Outline Shirt - Dawg Pound Game Day Outfit Idea | Cleveland Browns Fan Style. Save this look for your next game day outfit. | Cleveland Browns fan style | S-3XL, printed on demand, ships worldwide.",https://viralstyle.com/kebystore/ohio-cleveland-fans,https://assets.viralstyle.com/campaigns/6e14da4a-9fc9-35d4-7904-6992c444a06d/k53zR2-mbq7WWB-xxYbnrY-front-large.jpg,Cleveland Browns Fan Style,"#clevelandfootball, #brownsfans, #clevelandohiotee, #ohiofootballshirt, #dawgpound, #ohiostateoutlineshir, #citypride, #hometown"
Beware Of Dawg Cleveland Shirt - Orange and Brown Street Style | Dawg Pound Approved. Tap to see col,"Beware Of Dawg Cleveland Shirt - Orange and Brown Street Style | Dawg Pound Approved. Tap to see colourways, sizes, and secure checkout. | Cleveland Browns fan style | S-3XL, printed on demand, ships worldwide.",https://viralstyle.com/kebystore/beware-of-dawg,https://assets.viralstyle.com/campaigns/ee9c37aa-acd8-0c14-398d-e4f94e6a738e/vZezL8-kZR7wkA-Qkz4ZbX-front-large.jpg,Cleveland Browns Fan Style,"#gamedaystyle, #brownsfans, #bewareofdawgshirt, #classictee, #dawgpound, #clevelandfootball, #clevelandbulldogshir, #dawgpoundtee"
Let's Go Cleveland Football Shirt - Orange and Brown Street Style | Dawg Pound Approved. Save this l,"Let's Go Cleveland Football Shirt - Orange and Brown Street Style | Dawg Pound Approved. Save this look for your next game day outfit. | Cleveland Browns fan style | S-3XL, printed on demand, ships worldwide.",https://viralstyle.com/kebystore/lets-go-cleveland,https://assets.viralstyle.com/campaigns/4597459d-2d87-60b4-d1b3-f766fbab22a3/W2AZ3J-GnmYW8L-Evm49PP-front-large.jpg,Cleveland Browns Fan Style,"#clevelandfootballshi, #letsgoclevelandshirt, #citypride, #dawgpound, #clevelandgamedaytee, #brownsfans, #hometown, #clevelandfootball"
This Girl Loves Browns' Coach Hoodie - Dawg Pound Game Day Outfit Idea | Cleveland Browns Fan Style.,"This Girl Loves Browns' Coach Hoodie - Dawg Pound Game Day Outfit Idea | Cleveland Browns Fan Style. Save to your game day board — S to 3XL, printed on demand. | Cleveland Browns fan style | S-3XL, printed on demand, ships worldwide.",https://viralstyle.com/kebystore/this-girl-loves-browns-coach,https://assets.viralstyle.com/campaigns/5130a00c-259d-6084-25de-10e07c633be6/BAWOn1-0mL740q-mbqaO2y-front-large.jpg,Cleveland Browns Fan Style,"#brownscoachhoodie, #footballhumor, #brownsfans, #dawgpound, #womensclevelandhoodi, #funnyfootball, #footballgirlfriendgi, #clevelandfootball"
My Heart Is On That Field Football Shirt - Dawg Pound Game Day Outfit Idea | Cleveland Browns Fan St,"My Heart Is On That Field Football Shirt - Dawg Pound Game Day Outfit Idea | Cleveland Browns Fan Style. Add to your tailgate outfit ideas. | Cleveland Browns fan style | S-3XL, printed on demand, ships worldwide.",https://viralstyle.com/kebystore/my-heart-is-on-that-field,https://assets.viralstyle.com/campaigns/ae4175bf-8304-66e4-fda2-5a58d6eb0dc9/7EY2mz-XazWZD8-YQr556D-front-large.jpg,Cleveland Browns Fan Style,"#clevelandfootball, #footballmomshirt, #giftideas, #brownsfans, #footballwifetee, #myheartisonthatfield, #footballgift, #dawgpound"
