"id","title","description","link","image_link","price","availability","additional_image_link","condition","brand","google_product_category","product_type","gender","age_group","custom_label_0","custom_label_1"
"limited-edition-no-fly-zone","Limited Edition No Fly Zone - Fan-Made Cleveland T-Shirt","Limited Edition No Fly Zone - fan-made t-shirt for Browns fans, priced at $21.00, sizes S-5XL. Printed on demand; confirm your size on mayzing.","https://gridironlocker.store/shop/limited-edition-no-fly-zone/","https://buyer-experience-gateway.mayzing.com/stores/z2OF/mockups/id:mi2vh7vm7224%2Csig:aOxQVZM_ojjIzesCAg8Rt7VV3HJ0PHDv-880rgJgd0o%2Cc:GILDAN-DARK_CHOCOLATE%2Cs:d3cfca9f-6be4-4751-94da-27ce3751a0ac%2Cd:6aa5530ba6ac42194d6caaec%2Cdv:2%2Ccpd:pd2vh7vm720%2Cw:1000/image.png","21.00 USD","in stock","https://buyer-experience-gateway.mayzing.com/stores/z2OF/mockups/id:mi2vh7vm7225%2Csig:GKpZVRIZJISN002O-64hlZRYBHJH9U9PRykUXLVozWI%2Cc:GILDAN-DARK_CHOCOLATE%2Cs:d802579f-ea09-4b75-a37e-2adc9a5bb616%2Ccpd:pd2vh7vm720%2Cw:1000/image.png","new","Gridiron Locker","Apparel & Accessories > Clothing > Shirts & Tops","Fan Apparel > Cleveland > T-Shirt","unisex","adult","Mayzing","cleveland-browns"
"the-wall","The Wall - Fan-Made Cleveland T-Shirt","The Wall: independent Cleveland football apparel priced at $21.00, sizes S-5XL. Printed to order, shipped worldwide. Shop the design on Mayzing.","https://gridironlocker.store/shop/the-wall/","https://buyer-experience-gateway.mayzing.com/stores/z2OF/mockups/id:mi2vh7vm7224%2Csig:mavdEb8fzKwqRSw7dUNVcWIfGrJCzgtOODpljiCToM0%2Cc:GILDAN-DARK_CHOCOLATE%2Cs:d3cfca9f-6be4-4751-94da-27ce3751a0ac%2Cd:6aa551a0f118779991111b9c%2Cdv:3%2Ccpd:pd2vh7vm720%2Cw:1000/image.png","21.00 USD","in stock","https://buyer-experience-gateway.mayzing.com/stores/z2OF/mockups/id:mi2vh7vm7225%2Csig:GKpZVRIZJISN002O-64hlZRYBHJH9U9PRykUXLVozWI%2Cc:GILDAN-DARK_CHOCOLATE%2Cs:d802579f-ea09-4b75-a37e-2adc9a5bb616%2Ccpd:pd2vh7vm720%2Cw:1000/image.png","new","Gridiron Locker","Apparel & Accessories > Clothing > Shirts & Tops","Fan Apparel > Cleveland > T-Shirt","unisex","adult","Mayzing","cleveland-browns"
"denzel-rock-out","Denzel Rock Out - Fan-Made Cleveland T-Shirt","Fan-made Browns t-shirt: Denzel Rock Out. Priced at $21.00 in sizes S-5XL, printed on demand and shipped worldwide. Design story on Gridiron Locker.","https://gridironlocker.store/shop/denzel-rock-out/","https://buyer-experience-gateway.mayzing.com/stores/z2OF/mockups/id:mi2vh7vm7224%2Csig:UGxuLgCwzxp1txWSWCuwwtouJ9_Mm0jBctEE5nHrwrw%2Cc:GILDAN-DARK_CHOCOLATE%2Cs:d3cfca9f-6be4-4751-94da-27ce3751a0ac%2Cd:6aa550172f174a83f4fcc72a%2Cdv:2%2Ccpd:pd2vh7vm720%2Cw:1000/image.png","21.00 USD","in stock","https://buyer-experience-gateway.mayzing.com/stores/z2OF/mockups/id:mi2vh7vm7225%2Csig:GKpZVRIZJISN002O-64hlZRYBHJH9U9PRykUXLVozWI%2Cc:GILDAN-DARK_CHOCOLATE%2Cs:d802579f-ea09-4b75-a37e-2adc9a5bb616%2Ccpd:pd2vh7vm720%2Cw:1000/image.png","new","Gridiron Locker","Apparel & Accessories > Clothing > Shirts & Tops","Fan Apparel > Cleveland > T-Shirt","unisex","adult","Mayzing","cleveland-browns"
"cle-browns-orange","Cle Browns Orange - Fan-Made Cleveland T-Shirt","Cle Browns Orange - fan-made t-shirt for Browns fans, priced at $21.00, sizes S-5XL. Printed on demand; confirm your size on mayzing.","https://gridironlocker.store/shop/cle-browns-orange/","https://buyer-experience-gateway.mayzing.com/stores/z2OF/mockups/id:mi2vh7vm720%2Csig:tn1wEGW63jOWT5--lUsg6jjOEGEJRDoD--3K3VmyOFA%2Cc:GILDAN-NATURAL%2Cs:d3cfca9f-6be4-4751-94da-27ce3751a0ac%2Cd:6aa54eb9893dcca5f53f06e9%2Cdv:2%2Ccpd:pd2vh7vm720%2Cw:1000/image.png","21.00 USD","in stock","https://buyer-experience-gateway.mayzing.com/stores/z2OF/mockups/id:mi2vh7vm721%2Csig:XxhtVt6cYubu1eujf1_4yj3mr8XyCItLSDIIXIh2gtY%2Cc:GILDAN-NATURAL%2Cs:d802579f-ea09-4b75-a37e-2adc9a5bb616%2Ccpd:pd2vh7vm720%2Cw:1000/image.png","new","Gridiron Locker","Apparel & Accessories > Clothing > Shirts & Tops","Fan Apparel > Cleveland > T-Shirt","unisex","adult","Mayzing","cleveland-browns"
"cle-browns-light","Cle Browns - Natural - Fan-Made Cleveland T-Shirt","Fan-made Browns t-shirt: Cle Browns - Natural. Priced at $21.00 in sizes S-5XL, printed on demand and shipped worldwide. Design story on Gridiron Locker.","https://gridironlocker.store/shop/cle-browns-light/","https://buyer-experience-gateway.mayzing.com/stores/z2OF/mockups/id:mi2vh7vm720%2Csig:LCa2GzwSaMH1_0s611rJYqmFzuUQbZn8NFqchezH02M%2Cc:GILDAN-NATURAL%2Cs:d3cfca9f-6be4-4751-94da-27ce3751a0ac%2Cd:6aa54cf22f174a83f4fcc5b7%2Cdv:2%2Ccpd:pd2vh7vm720%2Cw:1000/image.png","21.00 USD","in stock","https://buyer-experience-gateway.mayzing.com/stores/z2OF/mockups/id:mi2vh7vm721%2Csig:XxhtVt6cYubu1eujf1_4yj3mr8XyCItLSDIIXIh2gtY%2Cc:GILDAN-NATURAL%2Cs:d802579f-ea09-4b75-a37e-2adc9a5bb616%2Ccpd:pd2vh7vm720%2Cw:1000/image.png","new","Gridiron Locker","Apparel & Accessories > Clothing > Shirts & Tops","Fan Apparel > Cleveland > T-Shirt","unisex","adult","Mayzing","cleveland-browns"
"cle-browns","Cle Browns - Sand - Fan-Made Cleveland T-Shirt","Fan-made Browns t-shirt: Cle Browns - Sand. Priced at $21.00 in sizes S-5XL, printed on demand and shipped worldwide. Design story on Gridiron Locker.","https://gridironlocker.store/shop/cle-browns/","https://buyer-experience-gateway.mayzing.com/stores/z2OF/mockups/id:mi2vh7vm720%2Csig:wFGHcOO-aHrGZ_14UYpkKV6jYxmFtt0nIO59jZ0OkEw%2Cc:GILDAN-SAND%2Cs:d3cfca9f-6be4-4751-94da-27ce3751a0ac%2Cd:6aa54afdd9e849032ad59193%2Cdv:2%2Ccpd:pd2vh7vm720%2Cw:1000/image.png","21.00 USD","in stock","https://buyer-experience-gateway.mayzing.com/stores/z2OF/mockups/id:mi2vh7vm721%2Csig:2Bn6oyliWHNeUErWXFOJJwIiCuclLnFvcOswJsIDwu0%2Cc:GILDAN-SAND%2Cs:d802579f-ea09-4b75-a37e-2adc9a5bb616%2Ccpd:pd2vh7vm720%2Cw:1000/image.png","new","Gridiron Locker","Apparel & Accessories > Clothing > Shirts & Tops","Fan Apparel > Cleveland > T-Shirt","unisex","adult","Mayzing","cleveland-browns"
"be-awar-of-dawg","Beware Of Dawg - Fan-Made Cleveland T-Shirt","Beware Of Dawg - fan-made t-shirt for Browns fans, built around Be Awar Of Dawg. Printed on demand, priced at $21.00, sizes S-5XL. Shop the design on Mayzing.","https://gridironlocker.store/shop/be-awar-of-dawg/","https://buyer-experience-gateway.mayzing.com/stores/z2OF/mockups/id:mi2vh7vm7224%2Csig:E7HqmPpZrs7C_s5FF6bsGALkjU4agNO8UuiBgBtxlWQ%2Cc:GILDAN-DARK_CHOCOLATE%2Cs:d3cfca9f-6be4-4751-94da-27ce3751a0ac%2Cd:6aa548c674808ee772df414d%2Cdv:2%2Ccpd:pd2vh7vm720%2Cw:1000/image.png","21.00 USD","in stock","https://buyer-experience-gateway.mayzing.com/stores/z2OF/mockups/id:mi2vh7vm7225%2Csig:GKpZVRIZJISN002O-64hlZRYBHJH9U9PRykUXLVozWI%2Cc:GILDAN-DARK_CHOCOLATE%2Cs:d802579f-ea09-4b75-a37e-2adc9a5bb616%2Ccpd:pd2vh7vm720%2Cw:1000/image.png","new","Gridiron Locker","Apparel & Accessories > Clothing > Shirts & Tops","Fan Apparel > Cleveland > T-Shirt","unisex","adult","Mayzing","cleveland-browns"
"cleveland-1946","Cleveland 1946 - Fan-Made Cleveland T-Shirt","Cleveland 1946 - fan-made t-shirt for Browns fans, built around Cleveland 1946. Printed on demand, priced at $21.00, sizes S-5XL. Shop the design on Mayzing.","https://gridironlocker.store/shop/cleveland-1946/","https://buyer-experience-gateway.mayzing.com/stores/z2OF/mockups/id:mi2vh7vm7218%2Csig:0ay2hOhEhJqM4UQhzvfdCTdYvo338CrRYwiBtKET-sg%2Cc:GILDAN-ASH_GREY%2Cs:d3cfca9f-6be4-4751-94da-27ce3751a0ac%2Cd:6aa54591d6ddb715aeae5f38%2Cdv:2%2Ccpd:pd2vh7vm720%2Cw:1000/image.png","21.00 USD","in stock","https://buyer-experience-gateway.mayzing.com/stores/z2OF/mockups/id:mi2vh7vm7219%2Csig:MSvgZwWTIYr3CBHZnAtmPt-mRXiLZIP1dpOpjZW9w4g%2Cc:GILDAN-ASH_GREY%2Cs:d802579f-ea09-4b75-a37e-2adc9a5bb616%2Ccpd:pd2vh7vm720%2Cw:1000/image.png","new","Gridiron Locker","Apparel & Accessories > Clothing > Shirts & Tops","Fan Apparel > Cleveland > T-Shirt","unisex","adult","Mayzing","cleveland-browns"
"cle-browns-dawg","Cle Browns Dawg - Fan-Made Cleveland T-Shirt","Cle Browns Dawg: independent Cleveland football apparel priced at $21.00, sizes S-5XL. Printed to order, shipped worldwide. Shop the design on Mayzing.","https://gridironlocker.store/shop/cle-browns-dawg/","https://buyer-experience-gateway.mayzing.com/stores/z2OF/mockups/id:mi2vh7vm7224%2Csig:vWBCmQTE06-pxarQi3kKZRBENJJ2HGzEx84pphCC9gM%2Cc:GILDAN-DARK_CHOCOLATE%2Cs:d3cfca9f-6be4-4751-94da-27ce3751a0ac%2Cd:6aa54337cfa89a7266d5cddf%2Cdv:2%2Ccpd:pd2vh7vm720%2Cw:1000/image.png","21.00 USD","in stock","https://buyer-experience-gateway.mayzing.com/stores/z2OF/mockups/id:mi2vh7vm7225%2Csig:GKpZVRIZJISN002O-64hlZRYBHJH9U9PRykUXLVozWI%2Cc:GILDAN-DARK_CHOCOLATE%2Cs:d802579f-ea09-4b75-a37e-2adc9a5bb616%2Ccpd:pd2vh7vm720%2Cw:1000/image.png","new","Gridiron Locker","Apparel & Accessories > Clothing > Shirts & Tops","Fan Apparel > Cleveland > T-Shirt","unisex","adult","Mayzing","cleveland-browns"
"no-fly-zone","No Fly Zone - Fan-Made Cleveland T-Shirt","No Fly Zone: independent Cleveland football apparel priced at $21.00, sizes S-5XL. Printed to order, shipped worldwide. Shop the design on Mayzing.","https://gridironlocker.store/shop/no-fly-zone/","https://buyer-experience-gateway.mayzing.com/stores/z2OF/mockups/id:mi2vh7vm7224%2Csig:uSBqghcv2NKgyVEEtkB6BhNQp50UX-oTajVyg0GoMrM%2Cc:GILDAN-DARK_CHOCOLATE%2Cs:d3cfca9f-6be4-4751-94da-27ce3751a0ac%2Cd:6aa3b80e50041ca588cbbcac%2Cdv:2%2Ccpd:pd2vh7vm720%2Cw:1000/image.png","21.00 USD","in stock","https://buyer-experience-gateway.mayzing.com/stores/z2OF/mockups/id:mi2vh7vm7225%2Csig:GKpZVRIZJISN002O-64hlZRYBHJH9U9PRykUXLVozWI%2Cc:GILDAN-DARK_CHOCOLATE%2Cs:d802579f-ea09-4b75-a37e-2adc9a5bb616%2Ccpd:pd2vh7vm720%2Cw:1000/image.png","new","Gridiron Locker","Apparel & Accessories > Clothing > Shirts & Tops","Fan Apparel > Cleveland > T-Shirt","unisex","adult","Mayzing","cleveland-browns"
"cleveland","Cleveland - Fan-Made Cleveland T-Shirt","Cleveland: independent Cleveland football apparel priced at $21.00, sizes S-5XL. Printed to order, shipped worldwide. Shop the design on Mayzing.","https://gridironlocker.store/shop/cleveland/","https://buyer-experience-gateway.mayzing.com/stores/z2OF/mockups/id:mi2vh7vm720%2Csig:R74Q1EATya85HinFxCtTF_z_tUNP49E9BvmNa3-q0b0%2Cc:GILDAN-SAND%2Cs:d3cfca9f-6be4-4751-94da-27ce3751a0ac%2Cd:6aa3b2242943c1fa19254961%2Cdv:2%2Ccpd:pd2vh7vm720%2Cw:1000/image.png","21.00 USD","in stock","https://buyer-experience-gateway.mayzing.com/stores/z2OF/mockups/id:mi2vh7vm721%2Csig:2Bn6oyliWHNeUErWXFOJJwIiCuclLnFvcOswJsIDwu0%2Cc:GILDAN-SAND%2Cs:d802579f-ea09-4b75-a37e-2adc9a5bb616%2Ccpd:pd2vh7vm720%2Cw:1000/image.png","new","Gridiron Locker","Apparel & Accessories > Clothing > Shirts & Tops","Fan Apparel > Cleveland > T-Shirt","unisex","adult","Mayzing","cleveland-browns"
"dawg-life","Dawg Life - Fan-Made Cleveland T-Shirt","Dawg Life - fan-made t-shirt for Browns fans, priced at $21.00, sizes S-5XL. Printed on demand; confirm your size on mayzing.","https://gridironlocker.store/shop/dawg-life/","https://buyer-experience-gateway.mayzing.com/stores/z2OF/mockups/id:mi2vh7vm7224%2Csig:TkNn-lgsxP5LtPzXYYXqqsA6ql-3FnknhjcspuGXsmE%2Cc:GILDAN-DARK_CHOCOLATE%2Cs:d3cfca9f-6be4-4751-94da-27ce3751a0ac%2Cd:6aa3ae58182ba82756347bfa%2Cdv:2%2Ccpd:pd2vh7vm720%2Cw:1000/image.png","21.00 USD","in stock","https://buyer-experience-gateway.mayzing.com/stores/z2OF/mockups/id:mi2vh7vm7225%2Csig:GKpZVRIZJISN002O-64hlZRYBHJH9U9PRykUXLVozWI%2Cc:GILDAN-DARK_CHOCOLATE%2Cs:d802579f-ea09-4b75-a37e-2adc9a5bb616%2Ccpd:pd2vh7vm720%2Cw:1000/image.png","new","Gridiron Locker","Apparel & Accessories > Clothing > Shirts & Tops","Fan Apparel > Cleveland > T-Shirt","unisex","adult","Mayzing","cleveland-browns"
"make-them-know-your-name","Make Them Know Your Name - Fan-Made Cleveland T-Shirt","Fan-made Browns t-shirt: Make Them Know Your Name. Priced at $21.00 in sizes S-5XL, printed on demand and shipped worldwide. Design story on Gridiron Locker.","https://gridironlocker.store/shop/make-them-know-your-name/","https://buyer-experience-gateway.mayzing.com/stores/z2OF/mockups/id:mi2vh7vm7224%2Csig:1h_D74ybWVyUfV4SAWP6RvQrSpwtTUWSaNovvJtvQic%2Cc:GILDAN-DARK_CHOCOLATE%2Cs:d3cfca9f-6be4-4751-94da-27ce3751a0ac%2Cd:6aa33fa01a79d4c9bf423c6b%2Cdv:2%2Ccpd:pd2vh7vm720%2Cw:1000/image.png","21.00 USD","in stock","https://buyer-experience-gateway.mayzing.com/stores/z2OF/mockups/id:mi2vh7vm7225%2Csig:GKpZVRIZJISN002O-64hlZRYBHJH9U9PRykUXLVozWI%2Cc:GILDAN-DARK_CHOCOLATE%2Cs:d802579f-ea09-4b75-a37e-2adc9a5bb616%2Ccpd:pd2vh7vm720%2Cw:1000/image.png","new","Gridiron Locker","Apparel & Accessories > Clothing > Shirts & Tops","Fan Apparel > Cleveland > T-Shirt","unisex","adult","Mayzing","cleveland-browns"
"browns-cle","Browns CLE - Fan-Made Cleveland T-Shirt","Browns CLE - fan-made t-shirt for Browns fans, priced at $21.00, sizes S-5XL. Printed on demand; confirm your size on mayzing.","https://gridironlocker.store/shop/browns-cle/","https://buyer-experience-gateway.mayzing.com/stores/z2OF/mockups/id:mi2vh7vm7224%2Csig:k43VCW-dsi-VIgiRIt5tIl0H0OfWKJPFcWl_wGkbqK4%2Cc:GILDAN-DARK_CHOCOLATE%2Cs:d3cfca9f-6be4-4751-94da-27ce3751a0ac%2Cd:6aa33ae1dfc5c89f7fb27b60%2Cdv:2%2Ccpd:pd2vh7vm720%2Cw:1000/image.png","21.00 USD","in stock","https://buyer-experience-gateway.mayzing.com/stores/z2OF/mockups/id:mi2vh7vm7225%2Csig:GKpZVRIZJISN002O-64hlZRYBHJH9U9PRykUXLVozWI%2Cc:GILDAN-DARK_CHOCOLATE%2Cs:d802579f-ea09-4b75-a37e-2adc9a5bb616%2Ccpd:pd2vh7vm720%2Cw:1000/image.png","new","Gridiron Locker","Apparel & Accessories > Clothing > Shirts & Tops","Fan Apparel > Cleveland > T-Shirt","unisex","adult","Mayzing","cleveland-browns"
"dwag","DAWG - Fan-Made Cleveland T-Shirt","DAWG: independent Cleveland football apparel priced at $21.00, sizes S-5XL. Printed to order, shipped worldwide. Shop the design on Mayzing.","https://gridironlocker.store/shop/dwag/","https://buyer-experience-gateway.mayzing.com/stores/z2OF/mockups/id:mi2vh7vm720%2Csig:htXV8yMDKBHhRnu9EdO91Mf5RGPufTAwuv7ZDoJkGYI%2Cc:GILDAN-OLD_GOLD%2Cs:d3cfca9f-6be4-4751-94da-27ce3751a0ac%2Cd:6aa337df528704e151441208%2Cdv:2%2Ccpd:pd2vh7vm720%2Cw:1000/image.png","21.00 USD","in stock","https://buyer-experience-gateway.mayzing.com/stores/z2OF/mockups/id:mi2vh7vm721%2Csig:6lLKmu-BLBmFzPjTWiTGA6Dnw_Ca9O7VVfZ9D6dTOS8%2Cc:GILDAN-OLD_GOLD%2Cs:d802579f-ea09-4b75-a37e-2adc9a5bb616%2Ccpd:pd2vh7vm720%2Cw:1000/image.png","new","Gridiron Locker","Apparel & Accessories > Clothing > Shirts & Tops","Fan Apparel > Cleveland > T-Shirt","unisex","adult","Mayzing","cleveland-browns"
"lets-go-cle-copy","Let's Go CLE - Fan-Made Cleveland T-Shirt","Fan-made Browns t-shirt: Let's Go CLE. Priced at $21.00 in sizes S-5XL, printed on demand and shipped worldwide. Design story on Gridiron Locker.","https://gridironlocker.store/shop/lets-go-cle-copy/","https://buyer-experience-gateway.mayzing.com/stores/z2OF/mockups/id:mi2vh7vm7224%2Csig:6i-_0p2ACk3TPs7_Qe4AbaQC4GW7Dzd95JoFgaZNjv8%2Cc:GILDAN-DARK_CHOCOLATE%2Cs:d3cfca9f-6be4-4751-94da-27ce3751a0ac%2Cd:6aa3366e67f456794c1fcd4d%2Cdv:1%2Ccpd:pd2vh7vm720%2Cw:1000/image.png","21.00 USD","in stock","https://buyer-experience-gateway.mayzing.com/stores/z2OF/mockups/id:mi2vh7vm7225%2Csig:GKpZVRIZJISN002O-64hlZRYBHJH9U9PRykUXLVozWI%2Cc:GILDAN-DARK_CHOCOLATE%2Cs:d802579f-ea09-4b75-a37e-2adc9a5bb616%2Ccpd:pd2vh7vm720%2Cw:1000/image.png","new","Gridiron Locker","Apparel & Accessories > Clothing > Shirts & Tops","Fan Apparel > Cleveland > T-Shirt","unisex","adult","Mayzing","cleveland-browns"
"go-browns","Go Browns - Fan-Made Cleveland T-Shirt","Fan-made Browns t-shirt: Go Browns. Priced at $21.00 in sizes S-5XL, printed on demand and shipped worldwide. Design story on Gridiron Locker.","https://gridironlocker.store/shop/go-browns/","https://buyer-experience-gateway.mayzing.com/stores/z2OF/mockups/id:mi2vh7vm7224%2Csig:qqUq4rjG2A09UmKhaNUJmqBeN82oM37mLW2bMqyPVBE%2Cc:GILDAN-DARK_CHOCOLATE%2Cs:d3cfca9f-6be4-4751-94da-27ce3751a0ac%2Cd:6aa3319661e85d34ce60dd79%2Cdv:3%2Ccpd:pd2vh7vm720%2Cw:1000/image.png","21.00 USD","in stock","https://buyer-experience-gateway.mayzing.com/stores/z2OF/mockups/id:mi2vh7vm7225%2Csig:GKpZVRIZJISN002O-64hlZRYBHJH9U9PRykUXLVozWI%2Cc:GILDAN-DARK_CHOCOLATE%2Cs:d802579f-ea09-4b75-a37e-2adc9a5bb616%2Ccpd:pd2vh7vm720%2Cw:1000/image.png","new","Gridiron Locker","Apparel & Accessories > Clothing > Shirts & Tops","Fan Apparel > Cleveland > T-Shirt","unisex","adult","Mayzing","cleveland-browns"
"playoffs","Playoffs - Fan-Made Cleveland T-Shirt","Playoffs - fan-made t-shirt for Browns fans, priced at $21.00, sizes S-5XL. Printed on demand; confirm your size on mayzing.","https://gridironlocker.store/shop/playoffs/","https://buyer-experience-gateway.mayzing.com/stores/z2OF/mockups/id:mi2vh7vm7224%2Csig:hfxYEFoB4CPuWt1MQ0RGCS_XseR6ygfV085tB2Cv1UU%2Cc:GILDAN-DARK_CHOCOLATE%2Cs:d3cfca9f-6be4-4751-94da-27ce3751a0ac%2Cd:6aa33086ca315eb53cde01f7%2Cdv:2%2Ccpd:pd2vh7vm720%2Cw:1000/image.png","21.00 USD","in stock","https://buyer-experience-gateway.mayzing.com/stores/z2OF/mockups/id:mi2vh7vm7225%2Csig:GKpZVRIZJISN002O-64hlZRYBHJH9U9PRykUXLVozWI%2Cc:GILDAN-DARK_CHOCOLATE%2Cs:d802579f-ea09-4b75-a37e-2adc9a5bb616%2Ccpd:pd2vh7vm720%2Cw:1000/image.png","new","Gridiron Locker","Apparel & Accessories > Clothing > Shirts & Tops","Fan Apparel > Cleveland > T-Shirt","unisex","adult","Mayzing","cleveland-browns"
"ohio-cle","Ohio CLE - Fan-Made Cleveland T-Shirt","Fan-made t-shirt for Cleveland football supporters: Ohio CLE. Artwork: Ohio Cle. Priced at $21.00, sizes S-5XL. Story on Gridiron Locker; checkout on Mayzing.","https://gridironlocker.store/shop/ohio-cle/","https://buyer-experience-gateway.mayzing.com/stores/z2OF/mockups/id:mi2vh7vm7224%2Csig:yiTjKNL3BLLklKyv3mYlXASoBULX4-cA-0nxawafQ0Y%2Cc:GILDAN-DARK_CHOCOLATE%2Cs:d3cfca9f-6be4-4751-94da-27ce3751a0ac%2Cd:6aa32ee11ecd5b5448c6ceed%2Cdv:1%2Ccpd:pd2vh7vm720%2Cw:1000/image.png","21.00 USD","in stock","https://buyer-experience-gateway.mayzing.com/stores/z2OF/mockups/id:mi2vh7vm7225%2Csig:GKpZVRIZJISN002O-64hlZRYBHJH9U9PRykUXLVozWI%2Cc:GILDAN-DARK_CHOCOLATE%2Cs:d802579f-ea09-4b75-a37e-2adc9a5bb616%2Ccpd:pd2vh7vm720%2Cw:1000/image.png","new","Gridiron Locker","Apparel & Accessories > Clothing > Shirts & Tops","Fan Apparel > Cleveland > T-Shirt","unisex","adult","Mayzing","cleveland-browns"
"limited-edition-grb41","Jordan Love 10 Packers Shirt - Fan-Made Green Bay T-Shirt","Jordan Love 10 Packers Shirt - independent fan-made t-shirt, from $24.99, sizes S-3XL. Printed on demand and shipped worldwide.","https://gridironlocker.store/shop/limited-edition-grb41/","https://gridironlocker.store/img/p/limited-edition-grb41-front.webp","24.99 USD","in stock","https://gridironlocker.store/img/p/limited-edition-grb41-back.webp","new","Gridiron Locker","Apparel & Accessories > Clothing > Shirts & Tops","Fan Apparel > Green Bay > T-Shirt","unisex","adult","Viralstyle","green-bay-packers"
"limited-edition-grb37","This Girl Loves The Pack Shirt - Fan-Made Green Bay T-Shirt","This Girl Loves The Pack Shirt - independent fan-made t-shirt, from $24.99, sizes S-3XL. Printed on demand and shipped worldwide.","https://gridironlocker.store/shop/limited-edition-grb37/","https://gridironlocker.store/img/p/limited-edition-grb37-front.webp","24.99 USD","in stock","https://gridironlocker.store/img/p/limited-edition-grb37-back.webp","new","Gridiron Locker","Apparel & Accessories > Clothing > Shirts & Tops","Fan Apparel > Green Bay > T-Shirt","unisex","adult","Viralstyle","green-bay-packers"
"limited-edition-grb36","Jordan Love 10 Flag Number Shirt - Fan-Made Green Bay T-Shirt","Jordan Love 10 Flag Number Shirt - independent fan-made t-shirt, from $24.99, sizes S-3XL. Printed on demand and shipped worldwide.","https://gridironlocker.store/shop/limited-edition-grb36/","https://gridironlocker.store/img/p/limited-edition-grb36-front.webp","24.99 USD","in stock","https://gridironlocker.store/img/p/limited-edition-grb36-back.webp","new","Gridiron Locker","Apparel & Accessories > Clothing > Shirts & Tops","Fan Apparel > Green Bay > T-Shirt","unisex","adult","Viralstyle","green-bay-packers"
"limited-edition-grb35","Cheese Heart Green Bay Mug - Fan-Made Green Bay Mug","Fan-made Packers mug: Cheese Heart Green Bay Mug. From $19.99 in 11 oz, printed on demand and shipped worldwide. Design story on Gridiron Locker.","https://gridironlocker.store/shop/limited-edition-grb35/","https://gridironlocker.store/img/p/limited-edition-grb35-front.webp","19.99 USD","in stock","https://gridironlocker.store/img/p/limited-edition-grb35-back.webp","new","Gridiron Locker","Home & Garden > Kitchen & Dining > Tableware > Drinkware > Mugs","Fan Apparel > Green Bay > Mug","","","Viralstyle","green-bay-packers"
"limited-edition-grb34-1","Jordan Freaking Love Packers Beanie - Fan-Made Green Bay Beanie","Jordan Freaking Love Packers Beanie - fan-made beanie for Packers fans, from $24.99, one size. Printed on demand; confirm colour and finish on viralstyle.","https://gridironlocker.store/shop/limited-edition-grb34-1/","https://gridironlocker.store/img/p/limited-edition-grb34-1-front.webp","24.99 USD","in stock","","new","Gridiron Locker","Apparel & Accessories > Clothing Accessories > Hats","Fan Apparel > Green Bay > Beanie","unisex","adult","Viralstyle","green-bay-packers"
"limited-edition-grb33","All You Need Is Love 10 Helmet Shirt - Fan-Made Green Bay T-Shirt","All You Need Is Love 10 Helmet Shirt - independent fan-made t-shirt, from $24.99, sizes S-3XL. Printed on demand and shipped worldwide.","https://gridironlocker.store/shop/limited-edition-grb33/","https://gridironlocker.store/img/p/limited-edition-grb33-front.webp","24.99 USD","in stock","https://gridironlocker.store/img/p/limited-edition-grb33-back.webp","new","Gridiron Locker","Apparel & Accessories > Clothing > Shirts & Tops","Fan Apparel > Green Bay > T-Shirt","unisex","adult","Viralstyle","green-bay-packers"
"limited-edition-grb32","Cheese Heart Green Bay Shirt - Fan-Made Green Bay T-Shirt","Cheese Heart Green Bay Shirt - independent fan-made t-shirt, from $24.99, sizes S-3XL. Printed on demand and shipped worldwide.","https://gridironlocker.store/shop/limited-edition-grb32/","https://gridironlocker.store/img/p/limited-edition-grb32-front.webp","24.99 USD","in stock","https://gridironlocker.store/img/p/limited-edition-grb32-back.webp","new","Gridiron Locker","Apparel & Accessories > Clothing > Shirts & Tops","Fan Apparel > Green Bay > T-Shirt","unisex","adult","Viralstyle","green-bay-packers"
"limited-edition-grb31","Jordan Love 10 Green Bay Hoodie - Fan-Made Green Bay Hoodie","Jordan Love 10 Green Bay Hoodie - independent fan-made hoodie, from $36.99, sizes S-3XL. Printed on demand and shipped worldwide.","https://gridironlocker.store/shop/limited-edition-grb31/","https://gridironlocker.store/img/p/limited-edition-grb31-front.webp","36.99 USD","in stock","https://gridironlocker.store/img/p/limited-edition-grb31-back.webp","new","Gridiron Locker","Apparel & Accessories > Clothing > Shirts & Tops","Fan Apparel > Green Bay > Hoodie","unisex","adult","Viralstyle","green-bay-packers"
"limited-edition-grb30","Jordan Freaking Love Shirt - Fan-Made Green Bay T-Shirt","Fan-made Packers t-shirt: Jordan Freaking Love Shirt. From $24.99 in sizes S-3XL, printed on demand and shipped worldwide. Design story on Gridiron Locker.","https://gridironlocker.store/shop/limited-edition-grb30/","https://gridironlocker.store/img/p/limited-edition-grb30-front.webp","24.99 USD","in stock","https://gridironlocker.store/img/p/limited-edition-grb30-back.webp","new","Gridiron Locker","Apparel & Accessories > Clothing > Shirts & Tops","Fan Apparel > Green Bay > T-Shirt","unisex","adult","Viralstyle","green-bay-packers"
"limited-edition-grb29","Pack Is Back Green Bay Shirt - Fan-Made Green Bay T-Shirt","Fan-made Packers t-shirt: Pack Is Back Green Bay Shirt. From $24.99 in sizes S-3XL, printed on demand and shipped worldwide. Design story on Gridiron Locker.","https://gridironlocker.store/shop/limited-edition-grb29/","https://gridironlocker.store/img/p/limited-edition-grb29-front.webp","24.99 USD","in stock","https://gridironlocker.store/img/p/limited-edition-grb29-back.webp","new","Gridiron Locker","Apparel & Accessories > Clothing > Shirts & Tops","Fan Apparel > Green Bay > T-Shirt","unisex","adult","Viralstyle","green-bay-packers"
"limited-edition-grb28","Packers Game Day Cheesehead Shirt - Fan-Made Green Bay T-Shirt","Packers Game Day Cheesehead Shirt - independent fan-made t-shirt, from $24.99, sizes S-3XL. Printed on demand and shipped worldwide.","https://gridironlocker.store/shop/limited-edition-grb28/","https://gridironlocker.store/img/p/limited-edition-grb28-front.webp","24.99 USD","in stock","https://gridironlocker.store/img/p/limited-edition-grb28-back.webp","new","Gridiron Locker","Apparel & Accessories > Clothing > Shirts & Tops","Fan Apparel > Green Bay > T-Shirt","unisex","adult","Viralstyle","green-bay-packers"
"limited-edition-grb27","Packers Distressed American Flag Shirt - Fan-Made Green Bay T-Shirt","Packers Distressed American Flag Shirt - independent fan-made t-shirt, from $24.99, sizes S-3XL. Printed on demand and shipped worldwide.","https://gridironlocker.store/shop/limited-edition-grb27/","https://gridironlocker.store/img/p/limited-edition-grb27-front.webp","24.99 USD","in stock","https://gridironlocker.store/img/p/limited-edition-grb27-back.webp","new","Gridiron Locker","Apparel & Accessories > Clothing > Shirts & Tops","Fan Apparel > Green Bay > T-Shirt","unisex","adult","Viralstyle","green-bay-packers"
"limited-edition-grb26","Green Bay Packers Football Stars Shirt - Fan-Made Green Bay T-Shirt","Green Bay Packers Football Stars Shirt - independent fan-made t-shirt, from $24.99, sizes S-3XL. Printed on demand and shipped worldwide.","https://gridironlocker.store/shop/limited-edition-grb26/","https://gridironlocker.store/img/p/limited-edition-grb26-front.webp","24.99 USD","in stock","https://gridironlocker.store/img/p/limited-edition-grb26-back.webp","new","Gridiron Locker","Apparel & Accessories > Clothing > Shirts & Tops","Fan Apparel > Green Bay > T-Shirt","unisex","adult","Viralstyle","green-bay-packers"
"limited-edition-grb25","Sunday Funday Wisconsin Outline Shirt - Fan-Made Green Bay T-Shirt","Sunday Funday Wisconsin Outline Shirt - independent fan-made t-shirt, from $24.99, sizes S-3XL. Printed on demand and shipped worldwide.","https://gridironlocker.store/shop/limited-edition-grb25/","https://gridironlocker.store/img/p/limited-edition-grb25-front.webp","24.99 USD","in stock","https://gridironlocker.store/img/p/limited-edition-grb25-back.webp","new","Gridiron Locker","Apparel & Accessories > Clothing > Shirts & Tops","Fan Apparel > Green Bay > T-Shirt","unisex","adult","Viralstyle","green-bay-packers"
"limited-edition-grb24","Love 10 Jersey Back Shirt - Fan-Made Green Bay T-Shirt","Love 10 Jersey Back Shirt - fan-made t-shirt for Packers fans, from $24.99, sizes S-3XL. Printed on demand; style, colour and size are chosen on viralstyle.","https://gridironlocker.store/shop/limited-edition-grb24/","https://gridironlocker.store/img/p/limited-edition-grb24-front.webp","24.99 USD","in stock","https://gridironlocker.store/img/p/limited-edition-grb24-back.webp","new","Gridiron Locker","Apparel & Accessories > Clothing > Shirts & Tops","Fan Apparel > Green Bay > T-Shirt","unisex","adult","Viralstyle","green-bay-packers"
"limited-edition-grb23","Packers Victory Monday Green Shirt - Fan-Made Green Bay T-Shirt","Packers Victory Monday Green Shirt - independent fan-made t-shirt, from $24.99, sizes S-3XL. Printed on demand and shipped worldwide.","https://gridironlocker.store/shop/limited-edition-grb23/","https://gridironlocker.store/img/p/limited-edition-grb23-front.webp","24.99 USD","in stock","https://gridironlocker.store/img/p/limited-edition-grb23-back.webp","new","Gridiron Locker","Apparel & Accessories > Clothing > Shirts & Tops","Fan Apparel > Green Bay > T-Shirt","unisex","adult","Viralstyle","green-bay-packers"
"limited-edition-grb22","Packers Victory Monday White Shirt - Fan-Made Green Bay T-Shirt","Packers Victory Monday White Shirt - independent fan-made t-shirt, from $24.99, sizes S-3XL. Printed on demand and shipped worldwide.","https://gridironlocker.store/shop/limited-edition-grb22/","https://gridironlocker.store/img/p/limited-edition-grb22-front.webp","24.99 USD","in stock","https://gridironlocker.store/img/p/limited-edition-grb22-back.webp","new","Gridiron Locker","Apparel & Accessories > Clothing > Shirts & Tops","Fan Apparel > Green Bay > T-Shirt","unisex","adult","Viralstyle","green-bay-packers"
"limited-edition-grb21","Packers Sunday Funday Shirt - Fan-Made Green Bay T-Shirt","Packers Sunday Funday Shirt - independent fan-made t-shirt, from $24.99, sizes S-3XL. Printed on demand and shipped worldwide.","https://gridironlocker.store/shop/limited-edition-grb21/","https://gridironlocker.store/img/p/limited-edition-grb21-front.webp","24.99 USD","in stock","https://gridironlocker.store/img/p/limited-edition-grb21-back.webp","new","Gridiron Locker","Apparel & Accessories > Clothing > Shirts & Tops","Fan Apparel > Green Bay > T-Shirt","unisex","adult","Viralstyle","green-bay-packers"
"limited-edition-grb20","Sunday Funday Green Bay Bars Shirt - Fan-Made Green Bay T-Shirt","Sunday Funday Green Bay Bars Shirt - independent fan-made t-shirt, from $24.99, sizes S-3XL. Printed on demand and shipped worldwide.","https://gridironlocker.store/shop/limited-edition-grb20/","https://gridironlocker.store/img/p/limited-edition-grb20-front.webp","24.99 USD","in stock","https://gridironlocker.store/img/p/limited-edition-grb20-back.webp","new","Gridiron Locker","Apparel & Accessories > Clothing > Shirts & Tops","Fan Apparel > Green Bay > T-Shirt","unisex","adult","Viralstyle","green-bay-packers"
"limited-edition-grb18","The Future Is Green Packers Shirt - Fan-Made Green Bay T-Shirt","The Future Is Green Packers Shirt - independent fan-made t-shirt, from $24.99, sizes S-3XL. Printed on demand and shipped worldwide.","https://gridironlocker.store/shop/limited-edition-grb18/","https://gridironlocker.store/img/p/limited-edition-grb18-front.webp","24.99 USD","in stock","https://gridironlocker.store/img/p/limited-edition-grb18-back.webp","new","Gridiron Locker","Apparel & Accessories > Clothing > Shirts & Tops","Fan Apparel > Green Bay > T-Shirt","unisex","adult","Viralstyle","green-bay-packers"
"limited-edition-grb17","Green Bay Wisconsin Minimal Shirt - Fan-Made Green Bay T-Shirt","Green Bay Wisconsin Minimal Shirt - independent fan-made t-shirt, from $24.99, sizes S-3XL. Printed on demand and shipped worldwide.","https://gridironlocker.store/shop/limited-edition-grb17/","https://gridironlocker.store/img/p/limited-edition-grb17-front.webp","24.99 USD","in stock","https://gridironlocker.store/img/p/limited-edition-grb17-back.webp","new","Gridiron Locker","Apparel & Accessories > Clothing > Shirts & Tops","Fan Apparel > Green Bay > T-Shirt","unisex","adult","Viralstyle","green-bay-packers"
"limited-edition-grb16","Green Bay WI Football Team Est 1919 Shirt - Fan-Made Green Bay T-Shirt","Green Bay WI Football Team Est 1919 Shirt - independent fan-made t-shirt, from $24.99, sizes S-3XL. Printed on demand and shipped worldwide.","https://gridironlocker.store/shop/limited-edition-grb16/","https://gridironlocker.store/img/p/limited-edition-grb16-front.webp","24.99 USD","in stock","https://gridironlocker.store/img/p/limited-edition-grb16-back.webp","new","Gridiron Locker","Apparel & Accessories > Clothing > Shirts & Tops","Fan Apparel > Green Bay > T-Shirt","unisex","adult","Viralstyle","green-bay-packers"
"limited-edition-grb15","Property Of Green Bay Packers 1919 Shirt - Fan-Made Green Bay T-Shirt","Property Of Green Bay Packers 1919 Shirt - independent fan-made t-shirt, from $24.99, sizes S-3XL. Printed on demand and shipped worldwide.","https://gridironlocker.store/shop/limited-edition-grb15/","https://gridironlocker.store/img/p/limited-edition-grb15-front.webp","24.99 USD","in stock","https://gridironlocker.store/img/p/limited-edition-grb15-back.webp","new","Gridiron Locker","Apparel & Accessories > Clothing > Shirts & Tops","Fan Apparel > Green Bay > T-Shirt","unisex","adult","Viralstyle","green-bay-packers"
"limited-edition-grb14","Packers Groovy Wavy White Shirt - Fan-Made Green Bay T-Shirt","Packers Groovy Wavy White Shirt - independent fan-made t-shirt, from $24.99, sizes S-3XL. Printed on demand and shipped worldwide.","https://gridironlocker.store/shop/limited-edition-grb14/","https://gridironlocker.store/img/p/limited-edition-grb14-front.webp","24.99 USD","in stock","https://gridironlocker.store/img/p/limited-edition-grb14-back.webp","new","Gridiron Locker","Apparel & Accessories > Clothing > Shirts & Tops","Fan Apparel > Green Bay > T-Shirt","unisex","adult","Viralstyle","green-bay-packers"
"limited-edition-grb13","Packers Retro Stacked Repeat Shirt - Fan-Made Green Bay T-Shirt","Packers Retro Stacked Repeat Shirt - independent fan-made t-shirt, from $24.99, sizes S-3XL. Printed on demand and shipped worldwide.","https://gridironlocker.store/shop/limited-edition-grb13/","https://gridironlocker.store/img/p/limited-edition-grb13-front.webp","24.99 USD","in stock","https://gridironlocker.store/img/p/limited-edition-grb13-back.webp","new","Gridiron Locker","Apparel & Accessories > Clothing > Shirts & Tops","Fan Apparel > Green Bay > T-Shirt","unisex","adult","Viralstyle","green-bay-packers"
"limited-edition-grb12","What Would Jordan Do Retro Shirt - Fan-Made Green Bay T-Shirt","What Would Jordan Do Retro Shirt - independent fan-made t-shirt, from $24.99, sizes S-3XL. Printed on demand and shipped worldwide.","https://gridironlocker.store/shop/limited-edition-grb12/","https://gridironlocker.store/img/p/limited-edition-grb12-front.webp","24.99 USD","in stock","https://gridironlocker.store/img/p/limited-edition-grb12-back.webp","new","Gridiron Locker","Apparel & Accessories > Clothing > Shirts & Tops","Fan Apparel > Green Bay > T-Shirt","unisex","adult","Viralstyle","green-bay-packers"
"limited-edition-grb11","Jordan Love Is All You Need Shirt - Fan-Made Green Bay T-Shirt","Jordan Love Is All You Need Shirt - independent fan-made t-shirt, from $24.99, sizes S-3XL. Printed on demand and shipped worldwide.","https://gridironlocker.store/shop/limited-edition-grb11/","https://gridironlocker.store/img/p/limited-edition-grb11-front.webp","24.99 USD","in stock","https://gridironlocker.store/img/p/limited-edition-grb11-back.webp","new","Gridiron Locker","Apparel & Accessories > Clothing > Shirts & Tops","Fan Apparel > Green Bay > T-Shirt","unisex","adult","Viralstyle","green-bay-packers"
"limited-edition-grb10","Green Bay Touchdown Shirt - Fan-Made Green Bay T-Shirt","Green Bay Touchdown Shirt - fan-made t-shirt for Packers fans, from $24.99, sizes S-3XL. Printed on demand; style, colour and size are chosen on viralstyle.","https://gridironlocker.store/shop/limited-edition-grb10/","https://gridironlocker.store/img/p/limited-edition-grb10-front.webp","24.99 USD","in stock","https://gridironlocker.store/img/p/limited-edition-grb10-back.webp","new","Gridiron Locker","Apparel & Accessories > Clothing > Shirts & Tops","Fan Apparel > Green Bay > T-Shirt","unisex","adult","Viralstyle","green-bay-packers"
"limited-edition-grb9","Wisconsin Home State Shirt - Fan-Made Green Bay T-Shirt","Fan-made Packers t-shirt: Wisconsin Home State Shirt. From $24.99 in sizes S-3XL, printed on demand and shipped worldwide. Design story on Gridiron Locker.","https://gridironlocker.store/shop/limited-edition-grb9/","https://gridironlocker.store/img/p/limited-edition-grb9-front.webp","24.99 USD","in stock","https://gridironlocker.store/img/p/limited-edition-grb9-back.webp","new","Gridiron Locker","Apparel & Accessories > Clothing > Shirts & Tops","Fan Apparel > Green Bay > T-Shirt","unisex","adult","Viralstyle","green-bay-packers"
"limited-edition-grb8","Green Bay Football Cheesehead Nation Shirt - Fan-Made Green Bay T-Shirt","Green Bay Football Cheesehead Nation Shirt - independent fan-made t-shirt, from $24.99, sizes S-3XL. Printed on demand and shipped worldwide.","https://gridironlocker.store/shop/limited-edition-grb8/","https://gridironlocker.store/img/p/limited-edition-grb8-front.webp","24.99 USD","in stock","https://gridironlocker.store/img/p/limited-edition-grb8-back.webp","new","Gridiron Locker","Apparel & Accessories > Clothing > Shirts & Tops","Fan Apparel > Green Bay > T-Shirt","unisex","adult","Viralstyle","green-bay-packers"
"limited-edition-grb7","Green Bay Football Cheese And Beer Shirt - Fan-Made Green Bay T-Shirt","Green Bay Football Cheese And Beer Shirt - independent fan-made t-shirt, from $24.99, sizes S-3XL. Printed on demand and shipped worldwide.","https://gridironlocker.store/shop/limited-edition-grb7/","https://gridironlocker.store/img/p/limited-edition-grb7-front.webp","24.99 USD","in stock","https://gridironlocker.store/img/p/limited-edition-grb7-back.webp","new","Gridiron Locker","Apparel & Accessories > Clothing > Shirts & Tops","Fan Apparel > Green Bay > T-Shirt","unisex","adult","Viralstyle","green-bay-packers"
"limited-edition-grb6","Sunday Funday Green Bay Script Shirt - Fan-Made Green Bay T-Shirt","Sunday Funday Green Bay Script Shirt - independent fan-made t-shirt, from $24.99, sizes S-3XL. Printed on demand and shipped worldwide.","https://gridironlocker.store/shop/limited-edition-grb6/","https://gridironlocker.store/img/p/limited-edition-grb6-front.webp","24.99 USD","in stock","https://gridironlocker.store/img/p/limited-edition-grb6-back.webp","new","Gridiron Locker","Apparel & Accessories > Clothing > Shirts & Tops","Fan Apparel > Green Bay > T-Shirt","unisex","adult","Viralstyle","green-bay-packers"
"limited-edition-grb5","Go Pack Go Stencil Shirt - Fan-Made Green Bay T-Shirt","Fan-made Packers t-shirt: Go Pack Go Stencil Shirt. From $24.99 in sizes S-3XL, printed on demand and shipped worldwide. Design story on Gridiron Locker.","https://gridironlocker.store/shop/limited-edition-grb5/","https://gridironlocker.store/img/p/limited-edition-grb5-front.webp","24.99 USD","in stock","https://gridironlocker.store/img/p/limited-edition-grb5-back.webp","new","Gridiron Locker","Apparel & Accessories > Clothing > Shirts & Tops","Fan Apparel > Green Bay > T-Shirt","unisex","adult","Viralstyle","green-bay-packers"
"limited-edition-grb4","Let The 10VE Begin Green Bay Shirt - Fan-Made Green Bay T-Shirt","Let The 10VE Begin Green Bay Shirt - independent fan-made t-shirt, from $24.99, sizes S-3XL. Printed on demand and shipped worldwide.","https://gridironlocker.store/shop/limited-edition-grb4/","https://gridironlocker.store/img/p/limited-edition-grb4-front.webp","24.99 USD","in stock","https://gridironlocker.store/img/p/limited-edition-grb4-back.webp","new","Gridiron Locker","Apparel & Accessories > Clothing > Shirts & Tops","Fan Apparel > Green Bay > T-Shirt","unisex","adult","Viralstyle","green-bay-packers"
"limited-edition-grb3","Our Coach Is Hotter Than Your Coach Shirt - Fan-Made Green Bay T-Shirt","Our Coach Is Hotter Than Your Coach Shirt - independent fan-made t-shirt, from $24.99, sizes S-3XL. Printed on demand and shipped worldwide.","https://gridironlocker.store/shop/limited-edition-grb3/","https://gridironlocker.store/img/p/limited-edition-grb3-front.webp","24.99 USD","in stock","https://gridironlocker.store/img/p/limited-edition-grb3-back.webp","new","Gridiron Locker","Apparel & Accessories > Clothing > Shirts & Tops","Fan Apparel > Green Bay > T-Shirt","unisex","adult","Viralstyle","green-bay-packers"
"limited-edition-grb2","The Packers Make Me Drink Shirt - Fan-Made Green Bay T-Shirt","The Packers Make Me Drink Shirt - independent fan-made t-shirt, from $24.99, sizes S-3XL. Printed on demand and shipped worldwide.","https://gridironlocker.store/shop/limited-edition-grb2/","https://gridironlocker.store/img/p/limited-edition-grb2-front.webp","24.99 USD","in stock","https://gridironlocker.store/img/p/limited-edition-grb2-back.webp","new","Gridiron Locker","Apparel & Accessories > Clothing > Shirts & Tops","Fan Apparel > Green Bay > T-Shirt","unisex","adult","Viralstyle","green-bay-packers"
"limited-edition-grb1-1","Green Bay Vs Everyone Shirt - Fan-Made Green Bay T-Shirt","Green Bay Vs Everyone Shirt - fan-made t-shirt for Packers fans, from $24.99, sizes S-3XL. Printed on demand; style, colour and size are chosen on viralstyle.","https://gridironlocker.store/shop/limited-edition-grb1-1/","https://gridironlocker.store/img/p/limited-edition-grb1-1-front.webp","24.99 USD","in stock","https://gridironlocker.store/img/p/limited-edition-grb1-1-back.webp","new","Gridiron Locker","Apparel & Accessories > Clothing > Shirts & Tops","Fan Apparel > Green Bay > T-Shirt","unisex","adult","Viralstyle","green-bay-packers"
"doomsday-defense-tee","Doomsday Defense Dallas Football Shirt - Fan-Made Dallas T-Shirt","Doomsday Defense Dallas Football Shirt - independent fan-made t-shirt, from $21.99, sizes S-3XL. Printed on demand and shipped worldwide.","https://gridironlocker.store/shop/doomsday-defense-tee/","https://gridironlocker.store/img/p/doomsday-defense-tee-front.webp","21.99 USD","in stock","https://gridironlocker.store/img/p/doomsday-defense-tee-back.webp","new","Gridiron Locker","Apparel & Accessories > Clothing > Shirts & Tops","Fan Apparel > Dallas > T-Shirt","unisex","adult","Viralstyle","dallas-cowboys"
"girly-vintage-texas-pride","This Girl Loves Cowboys Women's Shirt - Fan-Made Dallas T-Shirt","This Girl Loves Cowboys Women's Shirt - independent fan-made t-shirt, from $21.99, sizes S-3XL. Printed on demand and shipped worldwide.","https://gridironlocker.store/shop/girly-vintage-texas-pride/","https://gridironlocker.store/img/p/girly-vintage-texas-pride-front.webp","21.99 USD","in stock","https://gridironlocker.store/img/p/girly-vintage-texas-pride-back.webp","new","Gridiron Locker","Apparel & Accessories > Clothing > Shirts & Tops","Fan Apparel > Dallas > T-Shirt","unisex","adult","Viralstyle","dallas-cowboys"
"dallas-football-vintage-style-tee","Dallas Football Star Lightning Vintage Shirt - Fan-Made Dallas T-Shirt","Dallas Football Star Lightning Vintage Shirt - independent fan-made t-shirt, from $21.99, sizes S-3XL. Printed on demand and shipped worldwide.","https://gridironlocker.store/shop/dallas-football-vintage-style-tee/","https://gridironlocker.store/img/p/dallas-football-vintage-style-tee-front.webp","21.99 USD","in stock","https://gridironlocker.store/img/p/dallas-football-vintage-style-tee-back.webp","new","Gridiron Locker","Apparel & Accessories > Clothing > Shirts & Tops","Fan Apparel > Dallas > T-Shirt","unisex","adult","Viralstyle","dallas-cowboys"
"dallas-football-vintage-athletic-style-f","Dallas Football 1960 Helmet Vintage Shirt - Fan-Made Dallas T-Shirt","Dallas Football 1960 Helmet Vintage Shirt - independent fan-made t-shirt, from $21.99, sizes S-3XL. Printed on demand and shipped worldwide.","https://gridironlocker.store/shop/dallas-football-vintage-athletic-style-f/","https://gridironlocker.store/img/p/dallas-football-vintage-athletic-style-f-front.webp","21.99 USD","in stock","https://gridironlocker.store/img/p/dallas-football-vintage-athletic-style-f-back.webp","new","Gridiron Locker","Apparel & Accessories > Clothing > Shirts & Tops","Fan Apparel > Dallas > T-Shirt","unisex","adult","Viralstyle","dallas-cowboys"
"vintage-country","Y'all Can Kiss My Dallas Longhorn Shirt - Fan-Made Dallas T-Shirt","Y'all Can Kiss My Dallas Longhorn Shirt - independent fan-made t-shirt, from $21.99, sizes S-3XL. Printed on demand and shipped worldwide.","https://gridironlocker.store/shop/vintage-country/","https://gridironlocker.store/img/p/vintage-country-front.webp","21.99 USD","in stock","https://gridironlocker.store/img/p/vintage-country-back.webp","new","Gridiron Locker","Apparel & Accessories > Clothing > Shirts & Tops","Fan Apparel > Dallas > T-Shirt","unisex","adult","Viralstyle","dallas-cowboys"
"dallas-flag-tee","Dallas American Flag Vertical Shirt - Fan-Made Dallas T-Shirt","Dallas American Flag Vertical Shirt - independent fan-made t-shirt, from $21.99, sizes S-3XL. Printed on demand and shipped worldwide.","https://gridironlocker.store/shop/dallas-flag-tee/","https://gridironlocker.store/img/p/dallas-flag-tee-front.webp","21.99 USD","in stock","https://gridironlocker.store/img/p/dallas-flag-tee-back.webp","new","Gridiron Locker","Apparel & Accessories > Clothing > Shirts & Tops","Fan Apparel > Dallas > T-Shirt","unisex","adult","Viralstyle","dallas-cowboys"
"dallas-texas-vintage-athletic-style-t-sh","Dallas 1960 Football Helmet White Shirt - Fan-Made Dallas T-Shirt","Dallas 1960 Football Helmet White Shirt - independent fan-made t-shirt, from $21.99, sizes S-3XL. Printed on demand and shipped worldwide.","https://gridironlocker.store/shop/dallas-texas-vintage-athletic-style-t-sh/","https://gridironlocker.store/img/p/dallas-texas-vintage-athletic-style-t-sh-front.webp","21.99 USD","in stock","https://gridironlocker.store/img/p/dallas-texas-vintage-athletic-style-t-sh-back.webp","new","Gridiron Locker","Apparel & Accessories > Clothing > Shirts & Tops","Fan Apparel > Dallas > T-Shirt","unisex","adult","Viralstyle","dallas-cowboys"
"vintage-texas-pride","Dallas Texas State Flag Pride Shirt - Fan-Made Dallas T-Shirt","Dallas Texas State Flag Pride Shirt - independent fan-made t-shirt, from $21.99, sizes S-3XL. Printed on demand and shipped worldwide.","https://gridironlocker.store/shop/vintage-texas-pride/","https://gridironlocker.store/img/p/vintage-texas-pride-front.webp","21.99 USD","in stock","https://gridironlocker.store/img/p/vintage-texas-pride-back.webp","new","Gridiron Locker","Apparel & Accessories > Clothing > Shirts & Tops","Fan Apparel > Dallas > T-Shirt","unisex","adult","Viralstyle","dallas-cowboys"
"dallas-texas-vintage-athletic-sports","Dallas Texas Est 1841 Navy Shirt - Fan-Made Dallas T-Shirt","Dallas Texas Est 1841 Navy Shirt - independent fan-made t-shirt, from $21.99, sizes S-3XL. Printed on demand and shipped worldwide.","https://gridironlocker.store/shop/dallas-texas-vintage-athletic-sports/","https://gridironlocker.store/img/p/dallas-texas-vintage-athletic-sports-front.webp","21.99 USD","in stock","https://gridironlocker.store/img/p/dallas-texas-vintage-athletic-sports-back.webp","new","Gridiron Locker","Apparel & Accessories > Clothing > Shirts & Tops","Fan Apparel > Dallas > T-Shirt","unisex","adult","Viralstyle","dallas-cowboys"
"dallas-texas-vintage-athletic-sports-sty","Dallas Texas Est 1841 Grey Shirt - Fan-Made Dallas T-Shirt","Dallas Texas Est 1841 Grey Shirt - independent fan-made t-shirt, from $21.99, sizes S-3XL. Printed on demand and shipped worldwide.","https://gridironlocker.store/shop/dallas-texas-vintage-athletic-sports-sty/","https://gridironlocker.store/img/p/dallas-texas-vintage-athletic-sports-sty-front.webp","21.99 USD","in stock","https://gridironlocker.store/img/p/dallas-texas-vintage-athletic-sports-sty-back.webp","new","Gridiron Locker","Apparel & Accessories > Clothing > Shirts & Tops","Fan Apparel > Dallas > T-Shirt","unisex","adult","Viralstyle","dallas-cowboys"
"respond-nothing-given-everything-earned-tee","Respond Nothing Given Everything Earned Tee - Fan-Made Michigan T-Shirt","Respond Nothing Given Everything Earned Tee - independent fan-made t-shirt, priced at $21.00, sizes S-5XL. Printed on demand and shipped worldwide.","https://gridironlocker.store/shop/respond-nothing-given-everything-earned-tee/","https://buyer-experience-gateway.mayzing.com/stores/z2OF/mockups/id:miz0a9q97v20%2Csig:9XlR1m7R6NNvpx2jVCrbcM7f8j3mVlWTmM-FAQZkhU4%2Cc:GILDAN-NAVY%2Cs:41a8f2db-c26c-4aa6-8f4c-7729cd25b4ee%2Cd:6aa5a0360987816cf008bbaa%2Cdv:2%2Ccpd:pdz0a9q97v0%2Cw:1000/image.png","21.00 USD","in stock","https://buyer-experience-gateway.mayzing.com/stores/z2OF/mockups/id:miz0a9q97v21%2Csig:Eaux_ahKtj4-e8NGDHMQdiNJYPkLc1MLqngOMy4yCns%2Cc:GILDAN-NAVY%2Cs:68cc43b4-f55a-46a0-9a99-5f88952ca97c%2Ccpd:pdz0a9q97v0%2Cw:1000/image.png","new","Gridiron Locker","Apparel & Accessories > Clothing > Shirts & Tops","Fan Apparel > Michigan > T-Shirt","unisex","adult","Mayzing","michigan"
"bryce-19","Bryce 19 - Fan-Made Michigan T-Shirt","Fan-made t-shirt for Ann Arbor football supporters: Bryce 19. Artwork: Bryce 19. Priced at $21.00, sizes S-5XL. Story on Gridiron Locker; checkout on Mayzing.","https://gridironlocker.store/shop/bryce-19/","https://buyer-experience-gateway.mayzing.com/stores/z2OF/mockups/id:miz0a9q97v20%2Csig:5SiTy6i6iM1oY0Gi8KyI2AuZeormdUQTgKLIH4als2o%2Cc:GILDAN-BLACK%2Cs:41a8f2db-c26c-4aa6-8f4c-7729cd25b4ee%2Cd:6aa597fde5c15666b8bc923b%2Cdv:2%2Ccpd:pdz0a9q97v0%2Cw:1000/image.png","21.00 USD","in stock","https://buyer-experience-gateway.mayzing.com/stores/z2OF/mockups/id:miz0a9q97v21%2Csig:2Lgik9Vz_4_0RopU9R67tFqpv9M8tSAvsqzMPctAeak%2Cc:GILDAN-BLACK%2Cs:68cc43b4-f55a-46a0-9a99-5f88952ca97c%2Ccpd:pdz0a9q97v0%2Cw:1000/image.png","new","Gridiron Locker","Apparel & Accessories > Clothing > Shirts & Tops","Fan Apparel > Michigan > T-Shirt","unisex","adult","Mayzing","michigan"
"respond-nothing-given-everything-earned","Respond Nothing Given Everything Earned Shirt - Fan-Made Michigan T-Shirt","Respond Nothing Given Everything Earned Shirt - independent fan-made t-shirt, priced at $21.00, sizes S-5XL. Printed on demand and shipped worldwide.","https://gridironlocker.store/shop/respond-nothing-given-everything-earned/","https://buyer-experience-gateway.mayzing.com/stores/z2OF/mockups/id:miz0a9q97v20%2Csig:p0-EdZs6sd6s0SH7aynIvo7DkvF6Jnff5r9y1yDN7n0%2Cc:GILDAN-NAVY%2Cs:41a8f2db-c26c-4aa6-8f4c-7729cd25b4ee%2Cd:6aa59587688eb4bbb59c640a%2Cdv:2%2Ccpd:pdz0a9q97v0%2Cw:1000/image.png","21.00 USD","in stock","https://buyer-experience-gateway.mayzing.com/stores/z2OF/mockups/id:miz0a9q97v21%2Csig:Eaux_ahKtj4-e8NGDHMQdiNJYPkLc1MLqngOMy4yCns%2Cc:GILDAN-NAVY%2Cs:68cc43b4-f55a-46a0-9a99-5f88952ca97c%2Ccpd:pdz0a9q97v0%2Cw:1000/image.png","new","Gridiron Locker","Apparel & Accessories > Clothing > Shirts & Tops","Fan Apparel > Michigan > T-Shirt","unisex","adult","Mayzing","michigan"
"maize-out","Maize Out - Fan-Made Michigan T-Shirt","Maize Out - fan-made t-shirt for Michigan fans, priced at $21.00, sizes S-5XL. Printed on demand; confirm your size on mayzing.","https://gridironlocker.store/shop/maize-out/","https://buyer-experience-gateway.mayzing.com/stores/z2OF/mockups/id:miz0a9q97v20%2Csig:nMwom5ZKzDPLYedQwGpqW9vTQ8X7RQlEpfUt_6SmP-g%2Cc:GILDAN-NAVY%2Cs:41a8f2db-c26c-4aa6-8f4c-7729cd25b4ee%2Cd:6aa56e40bb665089a162bdd2%2Cdv:2%2Ccpd:pdz0a9q97v0%2Cw:1000/image.png","21.00 USD","in stock","","new","Gridiron Locker","Apparel & Accessories > Clothing > Shirts & Tops","Fan Apparel > Michigan > T-Shirt","unisex","adult","Mayzing","michigan"
"michigan","Michigan - Fan-Made Michigan T-Shirt","Michigan: independent Ann Arbor football apparel priced at $21.00, sizes S-5XL. Printed to order, shipped worldwide. Shop the design on Mayzing.","https://gridironlocker.store/shop/michigan/","https://buyer-experience-gateway.mayzing.com/stores/z2OF/mockups/id:miz0a9q97v20%2Csig:YzrSDf_9EumbHUwKFZqdJ3CNOYLQp4iuXbZ2_fXKGEg%2Cc:GILDAN-NAVY%2Cs:41a8f2db-c26c-4aa6-8f4c-7729cd25b4ee%2Cd:6aa56daabb665089a162bd6a%2Cdv:2%2Ccpd:pdz0a9q97v0%2Cw:1000/image.png","21.00 USD","in stock","","new","Gridiron Locker","Apparel & Accessories > Clothing > Shirts & Tops","Fan Apparel > Michigan > T-Shirt","unisex","adult","Mayzing","michigan"
"legacy","Legacy - Fan-Made Michigan T-Shirt","Fan-made t-shirt for Ann Arbor football supporters: Legacy. Artwork: Legacy. Priced at $21.00, sizes S-5XL. Story on Gridiron Locker; checkout on Mayzing.","https://gridironlocker.store/shop/legacy/","https://buyer-experience-gateway.mayzing.com/stores/z2OF/mockups/id:miz0a9q97v20%2Csig:6PSAfpq60Ck-8P56o8l23lBGD6Gczd95-Bz23tXbSQk%2Cc:GILDAN-NAVY%2Cs:41a8f2db-c26c-4aa6-8f4c-7729cd25b4ee%2Cd:6aa56bcecfa89a7266d6bb9f%2Cdv:2%2Ccpd:pdz0a9q97v0%2Cw:1000/image.png","21.00 USD","in stock","","new","Gridiron Locker","Apparel & Accessories > Clothing > Shirts & Tops","Fan Apparel > Michigan > T-Shirt","unisex","adult","Mayzing","michigan"
"second-act","Second Act - Fan-Made Michigan T-Shirt","Second Act - fan-made t-shirt for Michigan fans, built around Second Act. Printed on demand, priced at $21.00, sizes S-5XL. Shop the design on Mayzing.","https://gridironlocker.store/shop/second-act/","https://buyer-experience-gateway.mayzing.com/stores/z2OF/mockups/id:miz0a9q97v20%2Csig:VO9k1IaaXmqh9xRs5iIuWHA4PIITRsdgE3uD_7ccbK0%2Cc:GILDAN-NAVY%2Cs:41a8f2db-c26c-4aa6-8f4c-7729cd25b4ee%2Cd:6aa55e1dbae7dd95660e740c%2Cdv:2%2Ccpd:pdz0a9q97v0%2Cw:1000/image.png","21.00 USD","in stock","","new","Gridiron Locker","Apparel & Accessories > Clothing > Shirts & Tops","Fan Apparel > Michigan > T-Shirt","unisex","adult","Mayzing","michigan"
"limited-edition-h-a-i-l-mary","Limited Edition Hail Mary - Fan-Made Michigan T-Shirt","Limited Edition Hail Mary - fan-made t-shirt for Michigan fans, priced at $21.00, sizes S-5XL. Printed on demand; confirm your size on mayzing.","https://gridironlocker.store/shop/limited-edition-h-a-i-l-mary/","https://buyer-experience-gateway.mayzing.com/stores/z2OF/mockups/id:miz0a9q97v20%2Csig:xu88ZLyKpSGuVsigiHe7lFwgmVcw6TYOs-TpTK0uyp0%2Cc:GILDAN-NAVY%2Cs:41a8f2db-c26c-4aa6-8f4c-7729cd25b4ee%2Cd:6aa1f0b9d4d1592e0995cdcc%2Cdv:3%2Ccpd:pdz0a9q97v0%2Cw:1000/image.png","21.00 USD","in stock","","new","Gridiron Locker","Apparel & Accessories > Clothing > Shirts & Tops","Fan Apparel > Michigan > T-Shirt","unisex","adult","Mayzing","michigan"
"one-second","One Second - Fan-Made Michigan T-Shirt","Fan-made Michigan t-shirt: One Second. Priced at $21.00 in sizes S-5XL, printed on demand and shipped worldwide. Design story on Gridiron Locker.","https://gridironlocker.store/shop/one-second/","https://buyer-experience-gateway.mayzing.com/stores/z2OF/mockups/id:miz0a9q97v80%2Csig:qdGiT9pETLlZFtkg5OqTGyNOrJFm46BAndy7AeLaaqA%2Cc:GILDAN-HEATHER_SPORT_GREY%2Cs:41a8f2db-c26c-4aa6-8f4c-7729cd25b4ee%2Cd:6aa1ee07af44fbfba4726d5a%2Cdv:4%2Ccpd:pdz0a9q97v0%2Cw:1000/image.png","21.00 USD","in stock","","new","Gridiron Locker","Apparel & Accessories > Clothing > Shirts & Tops","Fan Apparel > Michigan > T-Shirt","unisex","adult","Mayzing","michigan"
"m-vs-everybody","M vs Everybody - Fan-Made Michigan T-Shirt","M vs Everybody - fan-made t-shirt for Michigan fans, priced at $21.00, sizes S-5XL. Printed on demand; confirm your size on mayzing.","https://gridironlocker.store/shop/m-vs-everybody/","https://buyer-experience-gateway.mayzing.com/stores/z2OF/mockups/id:miz0a9q97v20%2Csig:VfXPpf_H-0fyfXqwpjfnHmoJJUP5fZdhVMSDSYjmSXk%2Cc:GILDAN-NAVY%2Cs:41a8f2db-c26c-4aa6-8f4c-7729cd25b4ee%2Cd:6aa1e7c8b3ed41cf335351c8%2Cdv:2%2Ccpd:pdz0a9q97v0%2Cw:1000/image.png","21.00 USD","in stock","","new","Gridiron Locker","Apparel & Accessories > Clothing > Shirts & Tops","Fan Apparel > Michigan > T-Shirt","unisex","adult","Mayzing","michigan"
"second-act-qb19-vintage-football","Second Act QB19 Vintage Football - Fan-Made Michigan T-Shirt","Second Act QB19 Vintage Football - fan-made t-shirt for Michigan fans, priced at $21.00, sizes S-5XL. Printed on demand; confirm your size on mayzing.","https://gridironlocker.store/shop/second-act-qb19-vintage-football/","https://buyer-experience-gateway.mayzing.com/stores/z2OF/mockups/id:miz0a9q97v80%2Csig:ahLGha-nsWCBArIBx1N0-HC5y0aDYzLGSp_rj4cMLMo%2Cc:GILDAN-HEATHER_SPORT_GREY%2Cs:41a8f2db-c26c-4aa6-8f4c-7729cd25b4ee%2Cd:6aa1db877cb568aeac5b76df%2Cdv:2%2Ccpd:pdz0a9q97v0%2Cw:1000/image.png","21.00 USD","in stock","","new","Gridiron Locker","Apparel & Accessories > Clothing > Shirts & Tops","Fan Apparel > Michigan > T-Shirt","unisex","adult","Mayzing","michigan"
"limited-edition-go-blue","Limited Edition Go Blue - Fan-Made Michigan T-Shirt","Limited Edition Go Blue - independent fan-made t-shirt, priced at $21.00, sizes S-5XL. Printed on demand and shipped worldwide.","https://gridironlocker.store/shop/limited-edition-go-blue/","https://buyer-experience-gateway.mayzing.com/stores/z2OF/mockups/id:miz0a9q97v80%2Csig:xxIZbROPOXAbDAi8bb2cBO79rTpMLjqdW8na_wM7Uvg%2Cc:GILDAN-HEATHER_SPORT_GREY%2Cs:41a8f2db-c26c-4aa6-8f4c-7729cd25b4ee%2Cd:6aa1d620a05d1049ccab1764%2Cdv:5%2Ccpd:pdz0a9q97v0%2Cw:1000/image.png","21.00 USD","in stock","","new","Gridiron Locker","Apparel & Accessories > Clothing > Shirts & Tops","Fan Apparel > Michigan > T-Shirt","unisex","adult","Mayzing","michigan"
"michigan-v-everybody","Michigan v Everybody - Fan-Made Michigan T-Shirt","Fan-made Michigan t-shirt: Michigan v Everybody. Priced at $21.00 in sizes S-5XL, printed on demand and shipped worldwide. Design story on Gridiron Locker.","https://gridironlocker.store/shop/michigan-v-everybody/","https://buyer-experience-gateway.mayzing.com/stores/z2OF/mockups/id:miz0a9q97v80%2Csig:8a2tJLWXrn832FLAV-PX76aeVJ4fpsy-8UokIami4vU%2Cc:GILDAN-HEATHER_SPORT_GREY%2Cs:41a8f2db-c26c-4aa6-8f4c-7729cd25b4ee%2Cd:6aa1d2d9d20b29456d6bcd05%2Cdv:2%2Ccpd:pdz0a9q97v0%2Cw:1000/image.png","21.00 USD","in stock","","new","Gridiron Locker","Apparel & Accessories > Clothing > Shirts & Tops","Fan Apparel > Michigan > T-Shirt","unisex","adult","Mayzing","michigan"
"bet-m","BET M - Fan-Made Michigan T-Shirt","BET M - fan-made t-shirt for Michigan fans, built around Bet M. Printed on demand, priced at $21.00, sizes S-5XL. Shop the design on Mayzing.","https://gridironlocker.store/shop/bet-m/","https://buyer-experience-gateway.mayzing.com/stores/z2OF/mockups/id:miz0a9q97v20%2Csig:ipfuYO_fZIZwRijJ2SS892l9o-HSzYgS5g5O0n0veOI%2Cc:GILDAN-NAVY%2Cs:41a8f2db-c26c-4aa6-8f4c-7729cd25b4ee%2Cd:6aa1b73f4578e43b015becb6%2Cdv:2%2Ccpd:pdz0a9q97v0%2Cw:1000/image.png","21.00 USD","in stock","","new","Gridiron Locker","Apparel & Accessories > Clothing > Shirts & Tops","Fan Apparel > Michigan > T-Shirt","unisex","adult","Mayzing","michigan"
"michigan-bet-vintage","Michigan Bet Vintage - Fan-Made Michigan T-Shirt","Fan-made Michigan t-shirt: Michigan Bet Vintage. Priced at $21.00 in sizes S-5XL, printed on demand and shipped worldwide. Design story on Gridiron Locker.","https://gridironlocker.store/shop/michigan-bet-vintage/","https://buyer-experience-gateway.mayzing.com/stores/z2OF/mockups/id:miz0a9q97v20%2Csig:efDzc55gS8mb9mJr4du9_0kY07rVZdanIbzKCV2o9j0%2Cc:GILDAN-NAVY%2Cs:41a8f2db-c26c-4aa6-8f4c-7729cd25b4ee%2Cd:6aa1b73e7cbce12079519b5b%2Cdv:2%2Ccpd:pdz0a9q97v0%2Cw:1000/image.png","21.00 USD","in stock","","new","Gridiron Locker","Apparel & Accessories > Clothing > Shirts & Tops","Fan Apparel > Michigan > T-Shirt","unisex","adult","Mayzing","michigan"
"michigan-revenge-tour","Michigan Revenge Tour - Fan-Made Michigan T-Shirt","Michigan Revenge Tour - fan-made t-shirt for Michigan fans, priced at $21.00, sizes S-5XL. Printed on demand; confirm your size on mayzing.","https://gridironlocker.store/shop/michigan-revenge-tour/","https://buyer-experience-gateway.mayzing.com/stores/z2OF/mockups/id:miz0a9q97v20%2Csig:MFhsRvSa4VRgf2hSqzOSsdNx3KVkcT6H1YjYNBrlE_E%2Cc:GILDAN-NAVY%2Cs:41a8f2db-c26c-4aa6-8f4c-7729cd25b4ee%2Cd:6aa1b314a05d1049ccaad57e%2Cdv:3%2Ccpd:pdz0a9q97v0%2Cw:1000/image.png","21.00 USD","in stock","","new","Gridiron Locker","Apparel & Accessories > Clothing > Shirts & Tops","Fan Apparel > Michigan > T-Shirt","unisex","adult","Mayzing","michigan"
"michigan-bet","Michigan BET - Fan-Made Michigan T-Shirt","Michigan BET - fan-made t-shirt for Michigan fans, priced at $21.00, sizes S-5XL. Printed on demand; confirm your size on mayzing.","https://gridironlocker.store/shop/michigan-bet/","https://buyer-experience-gateway.mayzing.com/stores/z2OF/mockups/id:miz0a9q97v20%2Csig:u_BNe3t9Q3JAf9BXqumcEHG4TQ7zvP8l7w8o92F-xhw%2Cc:GILDAN-NAVY%2Cs:41a8f2db-c26c-4aa6-8f4c-7729cd25b4ee%2Cd:6aa1b0244e8c460e53908172%2Cdv:1%2Ccpd:pdz0a9q97v0%2Cw:1000/image.png","21.00 USD","in stock","","new","Gridiron Locker","Apparel & Accessories > Clothing > Shirts & Tops","Fan Apparel > Michigan > T-Shirt","unisex","adult","Mayzing","michigan"
